title,duration,imdb_rating,directors,writers,cast,genres,release_date,languages,production_companies
Jinn Chapter 1,PT46M,7.8,['Hamid Baig'],"['Hamid Baig', 'Fahad Khan']","['Naseeb Akhtar', 'Ayesha Athar', 'Mohammed Humza Baig', 'Manjari Chaudhary', 'Rahat Hussain', 'Sourabh Saini', 'Saima Waqar']",['Horror'],"July 11, 2024 (India)",['Hindi'],['Currant Noir Studios']
Tauba Tera Jalwa,PT2H10M,6.2,['Akashaditya Lama'],['Akashaditya Lama'],"['Ehsan Khan', 'Jahangir Khan', 'Jatin Khurana', 'Angela Krislinzki', 'Ameesha Patel', 'Shashank Prajapati', 'Anil Rastogi', 'Rajesh Sharma', 'Neeraj Sood', 'Vevek Upadyay']","['Romance', 'Thriller']","January 5, 2024 (India)",['Hindi'],['Altair Media']
Fire of Love: RED,PT2H10M,3.8,['Ashok Tyagi'],['Ashok Tyagi'],"['Bharat Dabholkar', 'Krushna Abhishek', 'Shantanu Bhamare', 'Payal Ghosh', 'Kamlesh Sawant', 'Arun Bakshi', 'Shashi Sharma', 'Mukesh Tyagi', 'Abhijeet Shwetchandra', 'Kanchan Bhor', 'Simran Ahuja', 'Neelu Chopra']",['Thriller'],"January 5, 2024 (India)",['Hindi'],['Avanti Prajakta Arts']
Saar the Conclusion,PT1H31M,7.9,['Danish Ali'],"['Kamleshwar', 'Sanjay Kumar']","['Kapil Sharma', 'Monika Choudhary', 'Rupali Pallavi', 'Kamleshwar', 'Priyanshi Soman', 'Manoj Chauhan', 'Ritu Choudhary', 'Abhishek Gupta', 'Shubham Gupta', 'Vibhu Kashyap', 'Kailash Khandelwal', 'Vikas Sharma', 'Nishika Singh', 'Pakhi Singh', 'Yashan Singh']",['Drama'],"January 5, 2024 (India)",['Hindi'],"['Kavyanjali Films', 'Mishika Films']"
Merry Christmas,PT2H24M,6.9,['Sriram Raghavan'],"['Frédéric Dard', 'Sriram Raghavan', 'Arijit Biswas']","['Katrina Kaif', 'Vijay Sethupathi', 'Tinnu Anand', 'Pari Sharma', 'Vinay Pathak', 'Sanjay Kapoor', 'Luke Kenny', 'Sahil Vaid', 'Gayathrie', 'Ashwini Kalsekar', 'Radhika Apte', 'Hemant K Gaur', 'Murlie', 'Milind Hole', 'Anil Dadheech', 'Prashant Parab', 'Abhishek Shukla', 'Pratik Nandkumar More']","['Drama', 'Mystery', 'Thriller']","January 12, 2024 (India)","['Hindi', 'Tamil']","['Matchbox Pictures', 'Tips Films']"
Main Atal Hoon,PT2H19M,6.9,"['Ravi Jadhav', 'Javed Karim']","['Ravi Jadhav', 'Utkarsh Naithani', 'Rishi Virmani']","['Mahmood Hashmi', 'Pankaj Tripathi', 'Benedict Garrett', 'Harshal Gire', 'Rajesh Dubeay', 'Harshad Kumar', 'Krishna Saajnani', 'Madhu Singh', 'Lovekkush Kundu', 'Anil Jhamajham', 'Ranjeet Khanna', 'Sarah Killedar', 'Paula McGlynn', 'Piyush Mishra', 'Prashant Mishra', 'Salim Husen Mulla', 'Payal Nair', 'Avanish Pandey']","['Biography', 'Drama']","January 19, 2024 (India)",['Hindi'],"['Bhanushali Studios Limited', 'Legend Studios']"
Six-Nine-Five,PT2H17M,6.9,"['Rajneesh Berry', 'Yogesh Bhardwaj']","['Aadesh K. Arjun', 'Yogesh Bhardwaj', 'Shyam Chawla']","['Aalaap Tyagi', 'Garima Agarwal', 'Gajendra Chauhan', 'Rakesh Dube', 'Raakeshh Dubey', 'Rakesh Dubey', 'Shailendra Gaur', 'Arun Govil', 'Manoj Joshi', 'Suunil R Kumar', 'Akhilendra Mishra', 'Raja Misshra', 'Govind Namdeo', 'Ashok Samarth', 'Gauri Shankar', 'Prashant Shyam Sri', 'Abhay Dheeraj Singh', 'Mukesh Tiwari']","['Adventure', 'History']","January 19, 2024 (India)",['Hindi'],['Shadani Films']
Fighter,PT2H46M,6.2,['Siddharth Anand'],"['Siddharth Anand', 'Ramon Chibb', 'Abbas Dalal']","['Hrithik Roshan', 'Deepika Padukone', 'Anil Kapoor', 'Karan Singh Grover', 'Akshay Oberoi', 'Ramon Chibb', 'Rishabh Sawhney', 'Sanjeeda Sheikh', 'Ashutosh Rana', 'Sanjiv Chopra', 'Chandan Anand', 'Seerat Mast', 'Talat Aziz', 'Sharib Hashmi', 'Chandra Shekhar Dutta', 'Aditi Sandhya Sharma', 'Banveen Singh', 'Vinay Varma']","['Action Epic', 'Action', 'Drama']","January 25, 2024 (India)","['Hindi', 'English']","['Betterfly Films', 'Manomay Motion Pictures', 'Marlix Pictures']"
Game Over,PT1H14M,5.3,['Ashish Deo'],['Ashish Deo'],"['Sachin Danai', 'Jinal Joshi', 'Basant Kumar', 'Sagar Pabale']",['Crime'],"January 25, 2024 (India)",['Hindi'],['Trisha Studios']
Ajab Gajab Dhamal,PT2H21M,5.2,['Smeep Kang'],[],"['Jaswinder Bhalla', 'Sunil Grover', 'Jimmy Shergill', 'Vakil Singh']",['Comedy'],"January 26, 2024 (India)",['Hindi'],['Gakhal Group Production']
Zehan,PT1H53M,4.9,['Dhirendra M. Dimri'],"['Vasant Kashyap Jha', 'Abhishek Shashi Kumar']","['Arya Babbar', 'Nidhi Nautiyal', 'Nikhil Chaudhary', 'Surbhi Mahendru', 'Sumisha Shankar', 'Jeet Raidutt', 'Lovely Sharma', 'Vikas Shrivastav']","['Romance', 'Thriller']","February 2, 2024 (India)",['Hindi'],['Stuti Production']
Bhakshak,PT2H14M,7.2,['Pulkit'],"['Jyotsana Nath', 'Pulkit']","['Bhumi Pednekar', 'Sanjay Mishra', 'Aditya Srivastav', 'Sai Tamhankar', 'Surya Sharma', 'Chittaranjan Tripathy', 'Durgesh Kumar', 'Satyakam Anand', 'Tanisha Mehta', 'Vibha Chibber', 'Pravin Kumar Sisodia', 'Murari Kumar', 'Samta Sudiksha', 'Gulista Alija', 'Shakti Kumar', 'Danish Iqbal', 'Pubali Sanyal', 'Farheen Khan']","['Crime', 'Drama']","February 9, 2024 (India)",['Hindi'],['Red Chillies Entertainment']
Teri Baaton Mein Aisa Uljha Jiya,PT2H21M,6.2,"['Amit Joshi', 'Aradhana Sah']","['Amit Joshi', 'Aradhana Sah']","['Shahid Kapoor', 'Kriti Sanon', 'Dharmendra', 'Dimple Kapadia', 'Rakesh Bedi', 'Anubha Fatehpuria', 'Rajesh Kumar', 'Ashish Verma', 'Grusha Kapoor', 'Raashul Tandon', 'Brij Bhushan Shukla', 'Maahi Jain', 'Shaunak Duggal', 'Chitransh Raj', 'Abhishek Gaikwad', 'Janhvi Kapoor', 'Snehal Shidham', 'Shivani Sopori']","['Comedy', 'Drama', 'Romance', 'Sci-Fi']","February 9, 2024 (India)",['Hindi'],"['Jio Studios', 'Maddock Films']"
Lantrani,PT1H39M,5.0,"['Kaushik Ganguly', 'Bhaskar Hazarika', 'Gurvinder Singh']",['Durgesh Singh'],"['Rajesh Awasthi', 'Boloram Das', 'Jitendra Kumar', 'Johny Lever', 'Kevin Lisy', 'Sanjay Mahanand', 'Nimisha Sajayan', 'Jisshu Sengupta', 'Bhagwan Tiwari']","['Comedy', 'Drama']","February 9, 2024 (India)",['Hindi'],"['Neeljai Films', 'Neeljai Films']"
Mirg,PT1H23M,6.3,['Tarun Sharma'],['Tarun Sharma'],"['Raj Babbar', 'Satish Kaushik', 'Suhani Popli', 'Shwetaabh Singh', 'Anup Soni']","['Action', 'Comedy', 'Drama']","February 9, 2024 (India)",['Hindi'],"['Na Ma Productions', 'One Shot Films', 'Studio RA']"
The Fable,PT1H59M,7.5,['Raam Reddy'],['Raam Reddy'],"['Manoj Bajpayee', 'Ravi Bisht', 'Priyanka Bose', 'Deepak Dobriyal', 'Awan Pookot', 'Tillotama Shome', 'Hiral Sidhu', 'Viking']",['Drama'],"October 20, 2024 (India)","['Hindi', 'English']","['Maxmedia', 'Prspctvs Productions', 'Sikhya Entertainment']"
Aakhir Palaayan Kab Tak,PT1H48M,6.4,['Mukul Vikram'],['Mukul Vikram'],"['Bhushan Patiyal', 'Rajesh Sharma', 'Chittaranjan Giri', 'Gaurav M Sharma', 'Sohani Kumari', 'Dheerendra Dwivedi', 'Saurabh Agnihotri', 'Brijesh Karanwal', 'Avinash Kumar', 'Akshit Chauhan', 'Mahendra Shrivas', 'Ravi Dutt Kaushik', 'Arjun Thakur', 'Jahnavi Vyas', 'Sushil Yadav', 'Tilakraj Singh']",['Drama'],"February 16, 2024 (India)",['Hindi'],"['Maa Chunki Devi Productions', 'Trisha Studios']"
Kuch Khattaa Ho Jaay,PT2H5M,5.6,['Ashok G.'],"['Raj Saluja', 'Niket Pandey', 'Vijay Pal Singh']","['Ila Arun', 'Brahmanandam', 'Paresh Ganatra', 'Abhinandan Jindal', 'Anupam Kher', 'Saiee Manjrekar', 'Guru Randhawa', 'Atul Srivastava', 'Kavita Srivastava', 'Paritosh Tripathi', 'Ambika Vani']",['Comedy'],"February 16, 2024 (India)",['Hindi'],['Mach Films']
Scammy Boys,PT1H44M,4.2,['Shoib Nikash Shah'],"['Ujjwal Jain', 'Pankaj Kanta', 'Rahhat Shah Kazmi']","['Rupa Chaulagain', 'Hussein Khan', 'Ashmit Patel', 'Rajeev Rana', 'Ayushmaan Saxena', 'Shoib Nikash Shah', 'Rudra Soni']",['Thriller'],"February 16, 2024 (India)",['Hindi'],['Rahat Kazmi Film Studios']
Imamdasta,PT2H23M,7.6,['Rizwan Siddiqui'],['Rizwan Siddiqui'],"['Rakesh Sharma', 'Mahesh Chandra Deva', 'Jay Shanker Pandey', 'Raju Pandey', 'Abhijit Sarkar', 'Sahaarsh Shuklaa', 'Kapil Tilhari', 'Sandeep Yadav']",['Drama'],"February 16, 2024 (India)",['Hindi'],['Noorjahan Moving Images']
In the Belly of a Tiger,PT1H31M,7.8,['Jatla Siddartha'],"['Amanda Mooney', 'Jatla Siddartha']","['Sorabh Jaiswar', 'Francis Lawrence', 'Pooja Pallavi', 'Rosely Raj', 'Roselynn Raj', 'Poonam Tiwari']","['Drama', 'Horror']","February 18, 2024 (Germany)",['Hindi'],"['Jeevi FIlms', 'Bhairavi Films', 'Wonder Pictures']"
Article 370,PT2H38M,7.8,['Aditya Suhas Jambhale'],"['Aditya Dhar', 'Monal Thaakar', 'Aditya Suhas Jambhale']","['Yami Gautam', 'Priyamani', 'Vaibhav Tatwawadi', 'Mohan Agashe', 'Hitesh Aggarwal', 'Sukhita Aiyar', 'Raj Arjun', 'Sandeep Chatterjee', 'Praveen Gadkar', 'Kumar Kanchan Ghosh', 'Arun Govil', 'Iravati Harshe', 'Kiran Karmarkar', 'Sumit Kaul', 'Shivam Khajuria', 'Midhat Khan', 'Janya Khandpur', 'Ashwini Koul']","['Political Drama', 'Political Thriller', 'Action', 'Drama', 'Thriller']","February 23, 2024 (India)",['Hindi'],"['B62 Studios', 'Jio Studios']"
CRAKK: Jeetegaa Toh Jiyegaa,PT2H34M,4.7,['Aditya Datt'],"['Aditya Datt', 'Rehan Khan', 'Sarim Momin']","['Vidyut Jammwal', 'Arjun Rampal', 'Nora Fatehi', 'Amy Jackson', 'Ankit Mohan', 'Jamie Lever', 'Bijay Anand', 'Rajendra Shisatkar', 'Shalaka Pawar', 'Michael Owusu', 'Pooja Sawant', 'Rukmini Maitra', 'MC Square', 'Insane Ashraf', 'Tomasz Drankowski', 'Dominic Knight', 'Cyrille Mansuy', 'Aarash Shah']","['Extreme Sport', 'Action', 'Sport', 'Thriller']","February 23, 2024 (India)",['Hindi'],"['Action Hero Films', 'PZ Pictures']"
Operation Valentine,PT2H13M,5.3,['Shakti Pratap Singh'],"['Sai Madhav Burra', 'Aamir Nahid Khan', 'Siddharth Raj Kumar']","['Varun Tej', 'Manushi Chhillar', 'Paresh Pahuja', 'Ruhani Sharma', 'Mir Sarwar', 'Shataf Figar', 'Sampath Raj', 'Navdeep', 'Ashwath Bhatt', 'Vaibhav Tatwawadi', 'Ali Reza', 'Anish Kuruvilla', 'Srikanth Iyengar', 'Sameer Hasan', 'Abhinav Gomatam', 'Sundip Ved', 'Madhu Nambiar', 'Gurpal Singh']","['Action', 'Drama', 'Thriller']","March 1, 2024 (India)","['Hindi', 'Telugu']","['Annapurna Studios', 'Renaissance Pictures', 'SP International Pictures (SPIP)']"
Kaagaz 2,PT2H5M,5.9,"['V.K. Prakash', 'Jay Dev Banerjee']","['Suman Ankur', 'Khandelwal Shashank']","['Anupam Kher', 'Darshan Kumaar', 'Satish Kaushik', 'Neena Gupta', 'Smriti Kalra', 'Anang Desai', 'Shahid Bobby Husain', 'Kiran Kumar', 'Ankur Suman', 'Kapil Tilhari', 'Aniruddh Dave', 'Krishiv Agarwal', 'Akansha', 'Arshad Ali', 'Vishal Anand', 'Anshul', 'Mohd Asif', 'Mohit Bhatia']",['Drama'],"March 1, 2024 (India)",['Hindi'],"['The Sathish Kaushik Entertainment', 'Venus Films']"
Dange,PT2H34M,5.3,['Bejoy Nambiar'],"['Neil Julian Balthazar', 'Mithila Hegde', 'Bejoy Nambiar']","['Harshvardhan Rane', 'Ehan Bhat', 'T.J. Bhanu', 'Nikita Dutta', 'Taniya Kalrra', 'Nakul Roshan Sahdev', 'Insane Ashraf', 'Paavani Atrey', 'Mridul Das', 'Surjyasikha Das', 'Omna Harjani', 'Keshav Lokwani', 'Kratika Pancholi', 'Athul Prabhakaran', 'Pratham Rathod', 'Kabir Shah', 'Jeeva Subramanian', 'Jyoti Verma']","['Action', 'Drama']","March 1, 2024 (India)",['Hindi'],"['Getaway Pictures Presentation', 'T-Series Films']"
Shaitaan,PT2H12M,6.5,['Vikas Bahl'],"['Aamil Keeyan Khan', 'Krishnadev Yagnik']","['Ajay Devgn', 'Madhavan', 'Jyotika', 'Janki Bodiwala', 'Anngad Raaj', 'Madhurima Ghosh', 'Ashish Gokhale', 'Vikash Kawa', 'Akram Musharaf', 'Shiv Malhotra', 'Divyansh Anandani', 'Abhishek Arun', 'Monica Nash', 'Farina Nizam', 'Anjali Sardana', 'Sweta Gupta', 'Ankita Sharma', 'Raziya Sultana']","['Psychological Drama', 'Psychological Horror', 'Psychological Thriller', 'Supernatural Horror', 'Drama', 'Horror', 'Thriller']","March 8, 2024 (India)",['Hindi'],"['Jio Studios', 'Ajay Devgn Ffilms', 'Panorama Studios']"
Until I Fly,PT1H30M,7.3,[],[],[],['Documentary'],"March 10, 2024 (Greece)",['Hindi'],"['Al Jazeera Documentary Channel', 'BBC Storyville', 'Elda Productions']"
Yodha,PT2H10M,5.7,"['Sagar Ambre', 'Pushkar Ojha']",['Sagar Ambre'],"['Sidharth Malhotra', 'Raashi Khanna', 'Disha Patani', 'Mridul Raj Anand', 'Kritika Bharadwaj', 'Shivangi Bhardwaj', 'Bhuvan Chopra', 'Pawan Chopra', 'Rahuul Chwudhary', 'Kenneth Desai', 'Sadiq Farooqui', 'Prashanth Goswami', 'Sanjay Gurbaxani', 'Sunny Hinduja', 'Hariom Kalra', 'Pankaj Kalra', 'Vikram Kapadia', 'Abhishek Mishra']","['One-Person Army Action', 'Action', 'Drama', 'Thriller']","March 15, 2024 (India)",['Hindi'],"['Amazon Prime Video', 'Dharma Productions', 'Mentor Disciple Films']"
Murder Mubarak,PT2H20M,5.8,['Homi Adajania'],"['Anuja Chauhan', 'Gazal Dhaliwal', 'Suprotim Sengupta']","['Pankaj Tripathi', 'Sara Ali Khan', 'Vijay Varma', 'Karisma Kapoor', 'Dimple Kapadia', 'Sanjay Kapoor', 'Tisca Chopra', 'Suhail Nayyar', 'Aashim Gulati', 'Tara-Alisha Berry', 'Priyank Tiwari', 'Brijendra Kala', 'Deven Bhojani', 'Varun Mitra', 'Purnendu Bhattacharya', 'Grusha Kapoor', 'Alok Panwar', 'Padmini Sardesai']","['Whodunnit', 'Comedy', 'Mystery', 'Romance']","March 15, 2024 (India)",['Hindi'],['Maddock Films']
Bastar,PT2H4M,6.4,"['Sudipto Sen', 'Vipul Amrutlal Shah']","['Amarnath Jha', 'Sudipto Sen', 'Vipul Amrutlal Shah']","['Adah Sharma', 'Shah Zain Alam', 'Purnendu Bhattacharya', 'Anangsha Biswas', 'Sanjay Borkar', 'Vikrant Chaturvedi', 'Vatsa Chug', 'Rahuul Chwudhary', 'Bhupendra Singh Deol', 'Ranjit Deval', 'Sukanya Dhanda', 'Subrat Dutta', 'Abhikalp Gagdekar', 'Sumit Gahlawat', 'Sameer Gulzar', 'Shashikant Gupta', 'Gandhali Jain', 'Naman Jain']","['Action', 'Crime', 'Drama']","March 15, 2024 (India)",['Hindi'],"['A Vipul Amrutlal Shah Production', 'Last Monk media', 'Sunshine Pictures']"
Ae Watan Mere Watan,PT2H13M,4.7,['Kannan Iyer'],"['Darab Farooqui', 'Kannan Iyer']","['Sara Ali Khan', ""Alexx O'Nell"", 'Emraan Hashmi', 'Abhay Verma', 'Anand Tiwari', 'Pratik Yadav', 'Ashton Bessette', 'Annuup Choudhari', 'Priyanam Das', 'Benedict Garrett', 'Siddharth Gollapudi', 'Sachin Khedekar', 'Richard Bhakti Klein', 'Godaan Kumar', 'Garrvil Mohan', 'Ed Robinson', 'Manya Singh', 'Sparsh Shrivastava']","['Biography', 'Drama', 'History']","March 21, 2024 (India)",['Hindi'],['Dharmatic Entertainment']
Madgaon Express,PT2H23M,7.0,['Kunal Kemmu'],['Kunal Kemmu'],"['Divyendu Sharma', 'Pratik Gandhi', 'Avinash Tiwary', 'Nora Fatehi', 'Upendra Limaye', 'Chhaya Kadam', ""Remo D'Souza"", 'Raviraj Kande', 'Vipul Deshpande', 'Umesh Jagtap', 'Kunal Kemmu', 'Yash Bhojwani', 'Aaryan Prajapati', 'Jewel Narigara', 'Sameer Patlil', 'Alpana Buch', 'Sonali Desai', 'Shiv Narayan']","['Comedy', 'Drama']","March 22, 2024 (India)",['Hindi'],['Excel Entertainment']
The Crew,PT1H58M,5.8,['Rajesh A Krishnan'],"['Nidhi Mehra', 'Mehul Suri']","['Tabu', 'Kareena Kapoor', 'Kriti Sanon', 'Diljit Dosanjh', 'Kapil Sharma', 'Saswata Chatterjee', 'Rajesh Sharma', 'Trupti Khamkar', 'Charu Shankar', 'Garima Yajnik', 'Kulbhushan Kharbanda', 'Ramakant Dayma', 'Heital Puniwala', 'Pooja Bhamrrah', 'Maeha Sharma', 'Shivam Khanna', 'Mohit Gupta', 'Ivan Rodrigues']","['Comedy', 'Drama']","March 29, 2024 (India)",['Hindi'],"['Anil Kapoor Film Company', 'Balaji Films']"
Swatantra Veer Savarkar,PT2H56M,7.7,['Randeep Hooda'],"['Randeep Hooda', 'Utkarsh Naithani']","['Randeep Hooda', 'Ankita Lokhande', 'Apinderdeep Singh', 'Amit Sial', 'Mark Bennington', 'Emily R. Acland', 'Russell Geoffrey Banks', 'David Michael Harrison', 'Chetan Swaroop Tirdia', 'Carl A. Harte', 'Richard Bhakti Klein', 'Biswarup Mondal', 'Nick Nag', 'Ed Robinson', 'Hella Stichlmair', 'Krishna Bhatt', 'Nitesh Thakur', 'Sal Yusuf']","['Docudrama', 'Biography', 'Drama']","March 22, 2024 (India)","['Hindi', 'Marathi']","['Anand Pandit Motion Pictures', 'Avak Films', 'Legend Global Studio']"
Welcome Wedding,PT2H,5.2,['Aanand Raut'],['Sachindra Sharma'],"['Rajpal Naurang Yadav', 'Rakhi Sawant', 'Komal Jha', 'Raju Kher', 'Arun Bakshi', 'Farida Dadi', 'Sahil Kohli', 'Manisha Kumari', 'Prakashika Naik', 'Milind Prasad', 'Jay Mishra', 'Rohit Raj', 'Riyana Shukla', 'Rajesh Singh', 'Darshan Jariwala', 'Kishan Bhan', 'Preeti Mishra']",['Comedy'],"March 29, 2024 (India)",['Hindi'],['Vikash Film International']
Patna Shukla,PT2H5M,5.6,"['Vivek Budakoti', 'Rajendra Tiwari']","['Sameer Arora', 'Vivek Budakoti']","['Sristi Keshri', 'Raveena Tandon', 'Manav Vij', 'Satish Kaushik', 'Chandan Roy Sanyal', 'Raju Kher', 'Jatin Goswami', 'Anushka Kaushik', 'Rio Kapadia', 'Palak Jain', 'Sushmita Mukherjee', 'Dayashankar Pandey', 'Nandini Ratley', 'Ambrish Saxena', 'Ishan Saxena', 'Rajshree Thakkar']","['Legal Drama', 'Drama']","March 29, 2024 (India)",['Hindi'],['Zeal Z Entertainment services']
Bengal 1947,PT2H9M,6.9,['Akashaditya Lama'],['Akashaditya Lama'],"['Ankur Armam', 'Devoleena Bhattacharjee', 'Harish Bhimani', 'Rajesh Bonik', 'Yogendra Choubey', 'Atul Gangwar', 'Pooja Kankate', 'Sohaila Kapur', 'Aditya Lakhia', 'Onkar Das Manikpuri', 'Pramod Pawar', 'Falaq Rahi', 'Anil Rastogi', 'Surabhi Krishna Srivastava', 'Vikram TDR', 'Vevek Upadyay']",['Drama'],"March 29, 2024 (India)",['Hindi'],"['Comfed Productions', 'Think Tank Global']"
Dukaan,PT2H2M,7.6,"['Siddharth Singh', 'Garima Wahal']","['Siddharth Singh', 'Garima Wahal']","['Monika Panwar', 'Insane Ashraf', 'Vrajesh Hirjee', 'Sikandar Kher', 'Piyush Kumar', 'Soham Majumdar', 'Bhoomika Meena', 'Hridansh Parekh', 'Shreya Sharma', 'Romanch Soni', 'Monali Thakur', 'Anannya Vaidya', 'Bilal Özel']",['Drama'],"April 5, 2024 (India)","['Hindi', 'English', 'Gujarati']","['Kalamkaar Picture Productions', 'Waveband Productions']"
Ek Kori Prem Katha,PT2H9M,6.4,['Cchinmay P Purohit'],"['Nishant Bhardwaj', 'Arvind Chaudhary', 'Gayatri Manish']","['Akshay Oberoi', 'Raj Babbar', 'Khanak Budhiraja', 'Poonam Dhillon', 'Gwen Hussein', 'Darshan Jariwala', 'Ashutosh Kushwaha', 'Sarah Lockett', 'Murali Mali', 'Richa Amberr', 'Jiya Bharti', 'Mukesh S. Bhatt', 'Bharat Jha', 'Mamta', 'Alok Pandey', 'Shafina Shah']",['Drama'],"April 5, 2024 (India)",['Hindi'],['Kenilworth Film Productions']
One Last Time,PT1H22M,7.0,['Mohinder Pratap Singh'],['Mohinder Pratap Singh'],"['Boloram Das', 'Gita Guha', 'Amitosh Nagpal', 'Bhawsheel Singh Sahni', 'K.J. Singh', 'Poornanand Wandhekar']",['Crime'],"April 7, 2024 (India)",['Hindi'],['Mandaliwala Films']
Bade Miyan Chote Miyan,PT2H43M,3.8,['Ali Abbas Zafar'],"['Aditya Basu', 'Vashu Bhagnani', 'Suraj Gianani']","['Akshay Kumar', 'Prithviraj Sukumaran', 'Tiger Shroff', 'Alaya F', 'Sonakshi Sinha', 'Manushi Chhillar', 'Ronit Roy', 'Bijay Anand', 'Yasmine Alice', 'Deshna Dugad', 'Shahab Ali', 'Zina Esepciuc', 'Manish Chaudhari', 'Tahirr Aashhraf', 'James Matheson', 'Diya Jandu', 'Bijou Thaangjam', 'Pawan Chopra']","['Action Epic', 'Artificial Intelligence', 'Globetrotting Adventure', 'Action', 'Adventure', 'Sci-Fi', 'Thriller']","April 11, 2024 (India)",['Hindi'],"['AAZ Films', 'Pooja Entertainment & Films']"
Maidaan,PT3H1M,8.0,['Amit Ravindernath Sharma'],"['Akash Chawla', 'Sidhant Mago', 'Saiwyn Quadras']","['Ajay Devgn', 'Sharik Khan Jr.', 'Priyamani', 'Gajraj Rao', 'Devyansh Tapuriah', 'Nitanshi Goel', 'Meena Patel', 'Rudranil Ghosh', 'Baharul Islam', 'Maxx Taylor', 'Toplica Milan Dunjic', 'Amartya Ray', 'Raphael Jose', 'Sammy Jonas Heaney', 'Peter Daniel Adams', 'Arnob Khan Akib', 'Insane Ashraf', 'Shivangi Bhardwaj']","['Docudrama', 'Period Drama', 'Soccer', 'Biography', 'Drama', 'History', 'Sport']","April 10, 2024 (India)",['Hindi'],"['Bayview Projects', 'FreshLime Films', 'Zee Studios']"
Silence 2,PT2H22M,6.2,['Aban Bharucha Deohans'],['Aban Bharucha Deohans'],"['Manoj Bajpayee', 'Parul Gulati', 'Prachi Desai', 'Shruti Bapna', 'Maahi Jain', 'Dinker Sharma', 'Sahil Vaid', 'Ankit Bhardwaj', 'Vaquar Shaikh', 'Ishika Gagneja', 'Sujata Mogal', 'Chetan Sharma', 'Padam Bhola', 'Surendra Kumar Bajiya', 'Akshay Dandekar', 'Nidhi Punmiya', 'Khushbu Patariya', 'Ankit Sharma']","['Crime', 'Drama', 'Thriller']","April 16, 2024 (India)",['Hindi'],"['Candid Creations', 'Zee Studios']"
Do Aur Do Pyaar,PT2H20M,6.6,['Shirsha Guha Thakurta'],"['Amrita Bagchi', 'Eisha Chopra', 'Suprotim Sengupta']","['Vidya Balan', 'Pratik Gandhi', ""Ileana D'Cruz"", 'Sendhil Ramamurthy', 'Thalaivasal Vijay', 'Rekha Kudligi', 'Kumaradas T N', 'Hitha Chandrashekar', 'Gireesh Krish Nair', 'Priti Shroff', 'Dipika Pandey', 'S Subrahmoniam', 'Akshay Bhagat', 'Sheeja Shetty', 'Nambi. P', 'Kamala', 'Arun Ajikumar', 'K. Rajan']","['Comedy', 'Drama', 'Romance']","April 19, 2024 (India)",['Hindi'],"['Applause Entertainment Ltd.', 'Ellipsis Entertainment', 'Post Cartel']"
Mr. & Mrs. Mahi,PT2H19M,5.9,['Sharan Sharma'],"['Nikhil Mehrotra', 'Sharan Sharma']","['Rajkummar Rao', 'Janhvi Kapoor', 'Rajesh Sharma', 'Kumud Mishra', 'Purnendu Bhattacharya', 'Zarina Wahab', 'Yamini Das', 'Arjit Taneja', 'Naman Arora', 'Krishan Bhargav', 'Abhilash Chaudhary', 'Nirmal Chiraniyan', 'Arpan Das', 'Heet Gandhi', 'Himanshu Jaykar', 'Pooja Joshi', 'Siddhant Khanna', 'Kundan Kumar']","['Drama', 'Sport']","May 31, 2024 (India)",['Hindi'],"['Dharma Productions', 'Light n Light', 'Zee Studios']"
Demons,PT1H35M,7.3,['Rohit Mittal'],['Rohit Mittal'],"['Narottam Bain', 'Sanjay Bishnoi', 'Swati Semwal', 'Vinay Sharma']",['Drama'],"April 19, 2024 (India)",['Hindi'],['Humara Movie']
"LSD 2: Love, Sex Aur Dhokha 2",PT1H59M,3.8,['Dibakar Banerjee'],"['Dibakar Banerjee', 'Shubham', 'Prateek Vats']","['Paritosh Tiwari', 'Bonita Rajpurohit', 'Abhinav Singh', 'Swastika Mukherjee', 'Raajeshwari Arora', 'Sophiya Chaudhary', 'Rahul Raj Chenichery', 'Shivani Dubey', 'Swaroopa Ghosh', 'Hardeep Gupta', 'Uorfi Javed', 'Anupam Joardar', 'Tusshar Kapoor', 'Aashu Kumar', 'Piyush Kumar', 'Anu Malik', 'Tanvika Parlikar', 'Mouni Roy']","['Comedy', 'Crime', 'Drama', 'Romance']","April 19, 2024 (India)",['Hindi'],"['Balaji Telefilms', 'Cult Movies']"
Ameena,PT1H47M,6.2,['Kumar Raj'],"['Aftab Hasnain', 'Kishan Kumar Pawar']","['Rekha Rana', 'Ananth Mahadevan', 'Utkarsh Kohli', 'Kumar Raj', 'Kishan Kumar Pawar', 'Manu Malkani', 'Sharad Sharma', 'Nayan Pawar', 'Aarti Vazirani', 'Ranjeet Jaiswal', 'Shivraj Vora', 'Kamal Adib', 'Sunita Balani', 'Pranali Bondikar', 'Reshma Chawla', 'Sunita D.', 'Rupali Ganguly', 'Abeer Goel']","['Action', 'Drama', 'Thriller']",2024 (India),['Hindi'],['Kumar Raj Productions']
Kaam Chalu Hai,PT1H22M,7.2,['Palaash Muchhal'],['Palaash Muchhal'],"['Karan Ashok Awale', 'Swapnil Kamble', 'Namdev Kamlakar', 'Akshay Kamle', 'Giaa Manek', 'Ajit Mehta', 'Tanmay Mehta', 'Saniya Musawar', 'Kurangi Vijayshri Nagraj', 'Chaitanya Nalawade', 'Meghali Nargachhe', 'Rajpal Naurang Yadav', 'Shreyash Pandit', 'Akshay Patil', 'Piya Prasad', 'Nalavade Prathmesh', 'Rajshree Shah', 'Param D Walia']",['Drama'],"April 19, 2024 (India)",['Hindi'],"['Baseline Studios', 'Pal Music & Films']"
Luv You Shankar,PT2H,6.0,['Rajiv S. Ruia'],"['Sanjay Masoom', 'Ravindra Ram Patil']","['Arun Behl', 'Krishna Chaubey', 'Kurush Deboo', 'Mann Gandhi', 'Elakshi A Gupta', 'Prateek Jain', 'Sanjay Mishra', 'Tanishaa Mukerji', 'Hemant Pandey', 'Abhimanyu Singh', 'Shreyas Talpade']",['Animation'],"April 19, 2024 (India)",['Hindi'],"['Jumping Tomato Marketing Pvt. Ltd.', 'SD World Film Production']"
Ruslaan,PT2H,3.4,['Karan Lalit Butani'],"['Kavin Dave', 'Yunus Sajawal', 'Shiva']","['Aayush Sharma', 'Sushrii Mishraa', 'Jagapathi Babu', 'Vidya Malvade', 'Beena Banerjee', 'Sal Yusuf', 'Sangay Tsheltrim', 'Aruna Beniwal', 'Manish Gaharwar', 'Jaswinder Gardner', 'Zaheer Iqbal', 'Aman Kanojia', 'Rofique Khan', 'Richard Bhakti Klein', 'Eiji Mihara', 'Happy Ranajit', 'Nawab Shah', 'Runav Shah']","['Action', 'Thriller']","April 26, 2024 (India)",['Hindi'],"['Filming Azerbaijan', 'Sri Sathya Sai Arts']"
Farming the Revolution,PT1H42M,7.7,[],"['Nishtha Jain', 'Deborah Matzner', 'Valérie Montmartin']",[],['Documentary'],"July 26, 2024 (India)","['Hindi', 'Punjabi']","['Little Big Story', 'Raintree Films', 'Piraya Film']"
Motu Patlu & the Race to the Diamond Valley,PT1H12M,7.7,[],['Niraj Vikram'],[],"['Animation', 'Comedy']","May 1, 2024 (India)",['Hindi'],['Maya Digital Studios']
Sri,PT2H14M,7.4,['Tushar Hiranandani'],"['K K Binojee', 'Sumit Purohit', 'Jagdeep Sidhu']","['Rajkummar Rao', 'Jyotika', 'Alaya F', 'Sharad Kelkar', 'Om Kanojiya', 'Sukhita Aiyar', 'Abhiijeit Chitre', 'Chittavasu Prakash', 'Bharat Jadhav', 'Aakash Jaiswal', 'Suraj Kalyankar', 'Aman Kanojia', 'Steve Larter', 'Deepak Mahato', 'Arun Malik', 'Ganesh Mayekar', 'Sridhar Murthy', 'Anusha Nuthula']","['Biography', 'Drama']","May 10, 2024 (India)",['Hindi'],"['Alphaneon Studioz', 'Chalk and Cheese Films', 'T-Series Films']"
Raseeli Raatein,PT1H31M,6.4,['Raifee'],[],"['Navina Bole', 'Prachi Lengare', 'Leena Singh', 'Vickey Chauhan', 'Sushant Kandya', 'Gautam Kataria', 'Maan Singh Meena', 'Anurag Mishra', 'Lucky Saini', 'Sunny Saini']",['Romance'],"May 17, 2024 (India)",['Hindi'],[]
Kartam Bhugtam,PT2H11M,6.5,['Soham Shah'],['Soham Shah'],"['Shreyas Talpade', 'Vijay Raaz', 'Madhoo', 'Aksha Pardasany', 'Aakash Amlani', 'Asha Bisariya', 'Gaurav Daagar', 'Kamlesh Khare', 'Rishabh Kohli', 'Ajay Pal', 'Deepak Parihar', 'Atharva Sawant', 'Sudipta Saxena', 'Rohann Sharma', 'Sachindra Shrivastav', 'Rahul Tiwari', 'Ishita Trivedi', 'Chandrakant Upadhyay']",['Thriller'],"May 17, 2024 (India)",['Hindi'],['Gandhar Films and Studio']
In Retreat,PT1H16M,4.3,['Maisam Ali'],['Maisam Ali'],['Harish Khanna'],['Drama'],"October 22, 2024 (India)","['Hindi', 'Ladakhi']","['Barycenter Films', 'Varsha Production House']"
Bhaiyya Ji,PT2H30M,4.8,['Apoorv Singh Karki'],"['Apoorv Singh Karki', 'Deepak Kingrani']","['Manoj Bajpayee', 'Vipin Sharma', 'Zoya Hussain', 'Suvinder Vicky', 'Jatin Goswami', 'Rrama Sharma', 'Anil Rastogi', 'Akash Makhija', 'Bhageerathi Bai Kadam', 'Aryan M Tiwari', 'Abhishek Ranjan', 'Nikhil Mehta', 'Amrit Sachan', 'Amrendra Sharma', 'Zia Ahmed', 'Jaihind Kumar', 'Umesh Shukla', 'Veebhu Sharma']","['Action', 'Drama']","May 24, 2024 (India)",['Hindi'],"['Aurega Studios', 'Bhanushali Studios Limited', 'SSO Productions']"
Barah by Barah,PT1H58M,7.5,['Gaurav Madan'],"['Sunny Lahiri', 'Gaurav Madan']","['Aashit Chatterjee', 'Bhumika Dube', 'Harish Khanna', 'Geetika Vidya Ohlyan', 'Prithvi Singh', 'Akash Sinha', 'Gyanendra Tripathi']",['Drama'],"May 24, 2024 (India)",['Hindi'],"['Amdavaad Pictures', 'Last Joker Pictures']"
Troy the Bharat Putra,PT2H14M,7.5,['Kumaar Aadarsh'],"['Kumaar Aadarsh', 'Anuja Jain', 'Shailendra Mishra']","['Kumaar Aadarsh', 'Anuja Jain', 'Sanjeev Srivastava', 'Nitin Katare', 'Anup Bindal', 'Pia Roy', 'Anujja Jain', 'Pragati Jaiswal', 'Apoorva Kawade', 'Pravesh Kumar', 'Feroz Shaikh', 'Amisha Singh', 'Yashica Singh']","['Animal Adventure', 'Adventure', 'Drama', 'Family']","September 20, 2024 (India)",['Hindi'],"['UV Talkies', 'UVT Cinemas']"
Savi,PT2H6M,6.2,['Abhinay Deo'],"['Aseem Arora', 'Abhinay Deo']","['Divya Khossla', 'Harshvardhan Rane', 'Mairaaj Kakkar', 'Himanshi Choudhary', 'M.K. Raina', 'Raageshwari', 'Supreet Bedi', 'Alex Dower', 'Adrian Stretton', 'Ollie Booth', 'Assad Raja', 'Jyantino Albuquerque', 'Hadelin de Ponteves', 'Hamza Butt', 'Anthony St Clair Cadogan', 'Suki Chott', 'Phil Dryden', 'Dan Gallier']","['Action', 'Crime', 'Drama', 'Romance', 'Thriller']","May 31, 2024 (India)",['Hindi'],"['Vishesh Entertainment', 'Mishty Productions', 'Super Cassettes Industries Limited (T-Series)']"
Chhota Bheem and the Curse of Damyaan,PT2H25M,5.0,['Rajiv Chilaka'],"['Shridisha Dilip', 'Niraj Vikram']","['Yagya Bhasin', 'Sanjay Bishnoi', 'Shaji Chaudhary', 'Daivik Dawar', 'Divyam Dawar', 'Makrand Deshpande', 'Navneet Kaur Dhillon', 'Advik Jaiswal', 'Sumit Keshri', 'Anupam Kher', 'Aashriya Mishra', 'Swarna Pandey', 'Kabir Sajid Shaikh', 'Surbhi Tiwari']","['Desert Adventure', 'Action', 'Adventure', 'Comedy', 'Family', 'Fantasy']","May 31, 2024 (India)",['Hindi'],['Green Gold Studios']
Dedh Bigha Zameen,PT1H40M,6.9,['Pulkit'],['Pulkit'],"['Prasanna Bisht', 'Pratik Gandhi', 'Hemant K Gaur', 'Deepesh Sumitra Jagdish', 'Durgesh Kumar', 'Khushali Kumar', 'Mrityunjay Pandey', 'Vikas Sharma', 'Rishiraj Thorat']","['Drama', 'Family']","May 31, 2024 (India)",['Hindi'],"['Karma Media And Entertainment', 'T-Series Films']"
House of Lies,PT1H22M,3.8,['Saumitra Singh'],['Abhi Raj Sharma'],"['Taniya Chatterjee', 'Ajitesh Gupta', 'Amit Gupta', 'Sanjay Kapoor', 'Hiten Paintal', 'Mir Sarwar', 'Girish Sharma', 'Mohit Singh', 'Simran Suri', 'Smiley Suri']",['Mystery'],"May 31, 2024 (India)",['Hindi'],"['Kali Movies', 'Sebhariya Pictures']"
Munjya,PT2H3M,6.3,['Aditya Sarpotdar'],"['Niren Bhatt', 'Yogesh Chandekar', 'Tushar Ajgaonkar']","['Sharvari', 'Abhay Verma', 'Mona Singh', 'Sathyaraj', 'Suhas Joshi', 'Taran Singh', 'Bhagyashree Limaye', 'Ayush Ulagadde', 'Ajay Purkar', 'Radhika Vidyasagar', 'Richard John Lovatt', 'Shruti Marathe', 'Anay Kamat', 'Khushi Hajare', 'Reema Chaudhary', 'Abhishek Banerjee', 'Chandan', 'Chandrakala']","['Comedy', 'Horror']","June 7, 2024 (India)",['Hindi'],['Maddock Films']
Blackout,PT2H2M,6.2,['Devang Bhavsar'],"['Devang Bhavsar', 'Abbas Dalal', 'Hussain Dalal']","['Vikrant Massey', 'Sunil Grover', 'Mouni Roy', 'Jisshu Sengupta', 'Karan Sonawane', 'Saurabh Gadge', 'Ruhani Sharma', 'Prasad Oak', 'Anant Joshi', 'Chhaya Kadam', 'Sooraj Pops', 'Kelly Dorji', 'Anil Kapoor', 'Vishakha Tyagi']","['Comedy', 'Thriller']","June 7, 2024 (India)",['Hindi'],"['11:11 Productions', 'Jio Studios', 'The Fusion Media']"
Malhar,PT1H43M,6.9,['Vishal Kumbhar'],"['Vishal Kumbhar', 'Siddharth Salvi', 'Swapnil Sitaram']","['Shrinivas Pokale', 'Vinayak Potdar', 'Sharib Hashmi', 'Anjali Patil', 'Rishi Saxena', 'Mohammad Samad', 'Akshata Acharya', 'Shubhangi Bhujbal', 'Shruti Gholap', 'Ravi Jhankal', 'Binda Rawal', 'Bhupesh Singh']",['Drama'],"June 7, 2024 (India)","['Hindi', 'Marathi']",['V Motion Pictures']
Bajrang Aur Ali,PT2H2M,7.6,['Jaiveer'],"['Jaiveer', 'Amit Mishra']","['Riddhi Gupta', 'Jaiveer', 'Jamie Lambe', 'Yugant Badri Pandey', 'Sachin Parikh', 'Gauri Shankar', 'Gaurishankar Singh']",['Drama'],"June 7, 2024 (India)",['Hindi'],['UtterUp']
Loop,PT1H42M,6.7,"['Satish Ramamoorthy', 'Shreya Rastogi']","['Pratibha Misraa', 'Satish Ramamoorthy', 'Shreya Rastogi']","['Shreya Rastogi', 'Akarsh Alagh', 'Satyajeet Puri', 'Akshay Neb', 'Anil Rastogi', 'Gunjan Jain', 'Amruta Ranjan', 'Simranjeet Kaur', 'Pradeep Gupta']","['Psychological Drama', 'Drama']","June 11, 2024 (India)",['Hindi'],"['Riyers Films', 'Riyers Films']"
Maharaj,PT2H11M,6.5,['Siddharth P Malhotra'],"['Sneha Desai', 'Vipul Mehta', 'Kausar Munir']","['Junaid Khan', 'Jaideep Ahlawat', 'Shalini Pandey', 'Sharvari', 'Viraf Patel', 'Sunil Gupta', 'Vaibhav Tatwawadi', 'Meher Vij', 'Jay Upadhyay', 'Ananya Agarwal', 'Priyal Gor', 'Sandeep Mehta', 'Sneha Desai', 'Jamie Alter', 'Mark Bennington', 'Hemant Choudhary', 'Jaya Ojha', 'Edward Sonnenblick']","['Docudrama', 'Legal Drama', 'Legal Thriller', 'Period Drama', 'Biography', 'Crime', 'Drama', 'History', 'Thriller']","June 21, 2024 (India)",['Hindi'],['Yash Raj Films']
Chandu Champion,PT2H22M,7.8,['Kabir Khan'],"['Sumit Arora', 'Kabir Khan', 'Sudipto Sarkar']","['Kartik Aaryan', 'Vijay Raaz', 'Bhuvan Arora', 'Yashpal Sharma', 'Rajpal Naurang Yadav', 'Aniruddh Dave', 'Shreyas Talpade', 'Sonali Kulkarni', 'Bhagyashri Borse', 'Ganesh Yadav', 'Hemant Choudhary', 'Brijendra Kala', 'Hemangi Kavi', 'Adonis Kapsalis', 'Olga Alexan', 'Manoj Anand', 'Gurpreet Bedi-Sondh', 'Nitin Bhajan']","['Docudrama', 'Water Sport', 'Action', 'Biography', 'Drama', 'History', 'Sport', 'War']","June 14, 2024 (India)",['Hindi'],"['AA Films', 'Kabir Khan Films', 'Nadiadwala Grandson Entertainment']"
Hamare Baarah,PT2H28M,7.3,['Kamal Chandra'],"['Rajan Agarwal', 'Kamal Chandra']","['Rahul Bagga', 'Aditi Bhatpahri', 'Harish Chhabra', 'Ankita Dwivedi', 'Farhana Fatema', 'Manoj Joshi', 'Ashwini Kalsekar', 'Annu Kapoor', 'Ishlin Prasad', 'Parth Samthaan', 'Shaan Saxena', 'Paritosh Tripathi', 'Uday Vir Singh Yadav']",['Drama'],"June 21, 2024 (India)",['Hindi'],"['Radhika G Films', 'Newtech Media Entertainment']"
Ishq Vishk Rebound,PT1H46M,5.9,['Nipun Dharmadhikari'],"['Vaishali Naik', 'Vinay Chhawal', 'Ketan Pedgaonkar']","['Rohit Saraf', 'Pashmina Roshan', 'Jibraan Khan', 'Naila Grrewal', 'Supriya Pilgaonkar', 'Akarsh Khurana', 'Shilpa Tulaskar', 'Shataf Figar', 'Anita Kulkarni', 'Kusha Kapila', 'Adhaar Khurana', 'Sheeba Chaddha', 'Mohammad Farooq Bandhukia', 'Benedicta', 'Akanshi Bhalla', 'Yash Bhukele', 'Chandu', 'Mohini Chaudhary']","['Comedy', 'Drama']","June 21, 2024 (India)",['Hindi'],['Tips Films Pvt. Ltd.']
Jahangir National University,PT2H30M,5.1,['Vinay Sharma'],['Vinay Sharma'],"['Urvashi Rautela', 'Siddharth Bodke', 'Ravi Kishan', 'Piyush Mishra', 'Vijay Raaz', 'Rashami Desai', 'Sonnalli Seygall', 'Ashok Kumar Beniwal', 'Sidharth Bhardwaj', 'Jeniffer Piccinato', 'Kunj Anand', 'Savant Singh Premi', 'Umar Sharif', 'Atul Pandey', 'Shivjyoti Rajput', 'Bhagyashree Chauhan', 'Priya Bakshi', 'Veenay Bhasskar']",['Drama'],"June 21, 2024 (India)",['Hindi'],['Mahakaal Movies']
Sipahi,PT1H2M,7.5,['Amit Bhadana'],['Amit Bhadana'],"['Amit Bhadana', 'Dinesh Ahlawat', 'Baljinder Kaur', 'Asmi Tulsyan', 'Vikas Mehta', 'Atul Kaushal', 'Aryan Raj']",['Drama'],"June 25, 2024 (India)",['Hindi'],['Amit Bhadana Manoranjan']
Rautu Ka Raaz,PT1H54M,6.3,['Anand Surapur'],"['Shariq Patel', 'Titiksha Singhal', 'Anand Surapur']","['Nawazuddin Siddiqui', 'Rajesh Kumar', 'Atul Tiwari', 'Narayani Shastri', 'Vicky Dutt', 'Samridhi Chandola', 'Anoop Trevedi', 'Riya Sisodia', 'Anil Rastogi', 'Kailash Kandwal', 'Sandeep Sharma', 'Gautam Sharma', 'Preeti Sood', 'Pratham Rathod', 'Drishti Gaba', 'Parimal Aloke', 'Kavita Virmani', 'Harshit Verma']","['Whodunnit', 'Crime', 'Drama', 'Mystery']","June 28, 2024 (India)",['Hindi'],['Zee Studios']
Gili Gili Raat,PT1H33M,5.7,['Punit Goyal'],"['Kshitij Roy', 'Vijay Pal Singh']","['Raanveer Chahal', 'Sarosh Khurshid', 'Prachi Lengare', 'Puja Singh', 'Sejuti Tarafder']","['Drama', 'Romance']","June 28, 2024 (India)",['Hindi'],[]
Sharmajee Ki Beti,PT1H56M,6.4,['Tahira Kashyap Khurrana'],['Tahira Kashyap Khurrana'],"['Sakshi Tanwar', 'Divya Dutta', 'Saiyami Kher', 'Parvin Dabas', 'Sharib Hashmi', 'Vanshika Taparia', 'Arista Mehta', 'Ravjeet Singh', 'Sushant Ghadge', 'Tripti Sahu', 'Guneet Wahan', 'Nazneen Madan', 'Vinayak Ketkar', 'Manuj Bhaskar', 'Subhashis Chakraborty', 'Tasneem Ali', 'Anjali Joshi', 'Lovekkush Kundu']","['Comedy', 'Drama']","June 28, 2024 (India)",['Hindi'],"['Applause Entertainment Ltd.', 'Ellipsis Entertainment']"
Wild Wild Punjab,PT1H49M,6.2,['Simarpreet Singh'],"['Luv Ranjan', 'Harman Wadala', 'Sandeep Jain']","['Varun Sharma', 'Sunny Singh', 'Jassie Gill', 'Manjot Singh', 'Patralekhaa Paul', 'Ishita Raj', 'Rajesh Sharma', 'Gopal Datt', 'Samuel John', 'Anjum Batra', 'Asheema Vardaan', 'Ravi Bhushan', 'Sukhbeer Pal Kaur', 'Rekha', 'Suraj Singh', 'Manish Tyagi', 'Subha Rajput', 'Satta Dhillon']","['Comedy', 'Romance']","July 10, 2024 (India)",['Hindi'],"['Luv Films', 'T-Series']"
Sarfira,PT2H35M,7.0,['Sudha Kongara'],"['Sudha Kongara', 'Pooja Tolani', 'Shalini Ushadevi']","['Akshay Kumar', 'Paresh Rawal', 'Radhika Madan', 'Seema Biswas', 'R. Sarathkumar', 'Saurabh Goyal', 'Krishnakumar Balasubramanian', 'Iravati Harshe', 'Anil Charanjeett', 'Prakash Belawadi', 'Dan Dhanoa', 'Jay Upadhyay', 'Rahul Vohra', 'Suriya', 'Raj Jadon', 'Bhavin K Hirani', 'Rishi Gambhir', 'Aman Kanojia']",['Drama'],"July 12, 2024 (India)",['Hindi'],"['2D Entertainment', 'Abundantia Entertainment', 'Cape of Good Films']"
Kakuda,PT1H56M,5.3,['Aditya Sarpotdar'],"['Avinash Dwivedi', 'Chirag Garg']","['Riteish Deshmukh', 'Sonakshi Sinha', 'Saqib Saleem', 'Aasif Khan', 'Arun Dubey', 'Magan Luhar', 'Suraj Raj Madhwani', 'Garrvil Mohan', 'Ravi Ranjan', 'Hemant Singh', 'Sachin Viddrrohi']","['Comedy', 'Horror']","July 12, 2024 (India)",['Hindi'],"['Absolute Productions', 'RSVP']"
Bad Newz,PT2H22M,4.8,['Anand Tiwari'],"['Tarun Dudeja', 'Ishita Moitra']","['Vicky Kaushal', 'Triptii Dimri', 'Ammy Virk', 'Neha Dhupia', 'Sheeba Chaddha', 'Faisal Rashid', 'Deepak Anand', 'Harnek Raj Aulakh', 'Mahabir Bhullar', 'Naveen Kaushik', 'Ananya Panday', 'Khayali Saharan', 'Neha Sharma', 'Shayank Shukla', 'Vijaylaxmi Singh', 'Guneet Singh Sodhi', 'Rachna Vasavada', 'Kamlesh Sharma']","['Romantic Comedy', 'Comedy', 'Romance']","July 19, 2024 (India)",['Hindi'],"['Dharma Productions', 'Leo Media Collective', 'Nagaada Film Studio']"
Accident or Conspiracy: Godhra,PT2H13M,7.5,['M.K. Shivaaksh'],['M.K. Shivaaksh'],"['Ranvir Shorey', 'Manoj Joshi', 'Hitu Kanodia', 'Rajeev Soorti', 'Denisha Ghumra', 'Akshita Namdev', 'M.K. Shivaaksh', 'Satyam Singh Ghoshi', 'Garima Agarwal', 'Keyur Bhangade', 'Mitesh Bhavsar', 'Prathibha Borde', 'Monuj Borkotoky', 'Nilesh Chavan', 'Monika Chowdhury', 'Tarun Datta', 'Jugnu Modi Gandhi', 'Dinesh Jain']","['Crime', 'Drama', 'History']","July 19, 2024 (India)",['Hindi'],"['Altair Media', 'Artverse Studio', 'Om Trinetra Films']"
The Heist,PT2H,7.1,['Aditya Awandhe'],['Nikita Chaturrvedi Tishya'],"['Nad Sham', 'Siddhant Kapoor', 'Suman Rao', 'Jagat Rawat', 'Tasneem Khan', 'Kushal Awatarsing', 'Bhurtun Darich', 'Locsley Dupreez', 'Heerah Fateema Haadiyah', 'Ryan Satyan Jeeawock', 'Amede Jean Nicles', 'Bernard Olivier', 'Pratyaksh Rajbhatt', 'Boojedhur Raakesh Roshan', 'Saurabh Saraswat', 'Michel Jean Tony', 'Fadil Vencapah']","['Action', 'Comedy', 'Crime']","July 19, 2024 (India)","['Hindi', 'English']","['Liv Worldwide', 'PML']"
The U P Files,PT2H2M,6.2,['Neeraj Sahai'],['Stanish Gill'],"['Ali Asgar', 'Vidhyadhar Bane', 'Karan Chhabra', 'Poonam Dwivedi', 'Manjari Fadnnis', 'Anil George', 'Avtar Gill', 'Milind Gunaji', 'Manoj Joshi', 'Shahbaz Khan', 'Vaibhav Mathur', 'Parminder Paddal', 'Akanksha Saini', 'Ashok Samarth', 'Parvez Shaikh', 'Vineet Sharma', 'Jugendra Singh', 'Shraddha Upadhyay']",['Drama'],"July 26, 2024 (India)",['Hindi'],['Shree Ostwal Films']
Chalti Rahe Zindagi,PT1H40M,6.6,['Aarti S. Bagdi'],"['Aarti S. Bagdi', 'Arun Bhutra', 'Shakir Khan']","['Seema Biswas', 'Manjari Fadnnis', 'Siddhant Kapoor', 'Indraneil Sengupta', 'Barkha Sengupta', 'Rohit Khandelwal', 'Trimala Adhikari', 'Vaibhav Anand', 'Flora Jacob', 'Priyal Pandorwala', 'Anaya Shivan', 'Meira Sengupta', 'Harsh Ghogalia']",['Drama'],"July 26, 2024 (India)",['Hindi'],['Lovely World Entertainment']
Main Mulayam Singh Yadav,PT2H,3.8,['Suvendu Raj Ghosh'],['Rashid Iqbal'],"['Amyth Sethi', 'Govind Namdeo', 'Mukesh Tiwari', 'Prakash Belawadi', 'Supriya Karnik', 'Ranojoy Bishnu', 'Kiran Jhangiani', 'Sayaji Shinde', 'Rajkumar Kanojia', 'Suhani Biswas', 'Gargi Patel', 'Sana Amin Sheikh', 'Mimoh Chakraborty', 'Prerna Sethi Mandal', 'Gopal Singh', 'Zarina Wahab', 'Anupam Shyam', 'Ram Sujan Singh']",['Biography'],"July 26, 2024 (India)",['Hindi'],"['Blotting Paper', 'Don Cinema', 'MS Films & Productions']"
Dead Dead Full Dead,PT1H50M,6.6,['Pratul Gaikwad'],"['Abdul Aziz', 'Pratul Gaikwad']","['Swastika Mukherjee', 'Ashwin Mushran', 'Sachin Viddrrohi', 'Monica Chaudhary', 'Abhijeet Chavan', 'Yug Italiya', 'Flora Jacob']",['Mystery'],"July 28, 2024 (Canada)","['Hindi', 'English']",[]
Ulajh,PT2H30M,6.0,['Sudhanshu Saria'],"['Parveez Shaikh', 'Sudhanshu Saria', 'Atika Chohan']","['Janhvi Kapoor', 'Gulshan Devaiah', 'Roshan Mathew', 'Meiyang Chang', 'Adil Hussain', 'Rajesh Tailang', 'Jitendra Joshi', 'Jaimini Pathak', 'Rajendra Gupta', 'Alyy Khan', 'Rushad Rana', 'Sakshi Tanwar', 'Natasha Rastogi', 'Vivek Madaan', 'Rajiv Hubert', 'Himanshu Malik', 'Bhavna Singh', 'Swastika Chakraborty']","['Crime', 'Drama', 'Thriller']","August 2, 2024 (India)",['Hindi'],"['Junglee Pictures', 'Zeal Z Entertainment services']"
Auron Mein Kahan DumTha,PT2H30M,6.6,['Neeraj Pandey'],['Neeraj Pandey'],"['Ajay Devgn', 'Tabu', 'Jimmy Shergill', 'Saiee Manjrekar', 'Shantanu Maheshwari', 'Sayaji Shinde', 'Jay Upadhyay', 'Hardik Soni', 'Shahrukh Sadri', 'Jiten Lalwani', 'Meherzan Mazda', 'Kushal Shah', 'Prathibha Borde', 'Velji Nakar', 'Vaibhav Sharma', 'Ahmed Khan', 'Gaurav Rai', 'Sagar Tugnait']","['Action', 'Crime', 'Drama', 'Romance']","August 2, 2024 (India)",['Hindi'],"['NH Studioz', 'Friday Filmworks']"
Bardovi,PT2H30M,7.8,['Karan Chavan'],['Karan Chavan'],"['Shriya Athnikar', 'Rajendra Bhambhulkar', 'Chittaranjan Giri', 'Chhaya Kadam', 'Virat Madke', 'Lohar Ashish Prakash', 'Neel Sheth', 'Rukayya Shiledar', 'Prabhakar Vartak', 'Gayatri Yamkar']",['Drama'],"August 2, 2024 (India)",['Hindi'],['Satori Entertainment Corp.']
Phir Aayi Hasseen Dillruba,PT2H12M,5.8,['Jayprad Desai'],"['Kanika Dhillon', 'Anaya Mazumdar', 'Anuj Kumar Pandey']","['Taapsee Pannu', 'Vikrant Massey', 'Sunny Kaushal', 'Aditya Srivastav', 'Bhumika Dube', 'Gautam S. Gadaballi', 'Vivek Jha', 'Trupti Khamkar', 'Ambrish Saxena', 'Jimmy Shergill', 'Manwendra Tripathy']","['Crime', 'Drama', 'Mystery', 'Romance', 'Thriller']","August 9, 2024 (India)",['Hindi'],"['Colour Yellow Productions', 'T Series', 'T-Series Films']"
Ghudchadi,PT1H53M,4.3,['Binoy Gandhi'],"['Deepak Kapur Bhardwaj', 'Binoy Gandhi']","['Sanjay Dutt', 'Raveena Tandon', 'Parth Samthaan', 'Khushali Kumar', 'Aakkash Dabhade', 'Riney Aryaa', 'Yogesh Garg', 'Naresh Gosain', 'Aruna Irani', 'Achint Kaur', 'Alika Nair', 'Navni Parihar', 'Santosh Rai', 'Surendra Rajan', 'Anju Rajiv', 'Prem Saxena', 'Neeraj Sood']",['Family'],"August 9, 2024 (India)",['Hindi'],['T-Series Films']
Hocus Focus,PT1H25M,7.9,['Paierry Dodeja'],['Paierry Dodeja'],"['Suchhi Kumar', 'Satinder Singh Gahlot', 'Sona Bhandari', 'Gurvesh Pandit', 'Jittu Naruka', 'Sandeep Yadav', 'Pranav Dodeja', 'Dileep Daz', 'Harsh Malhotra', 'Rahul Awasthi']","['Action', 'Crime', 'Thriller']","August 9, 2024 (India)",['Hindi'],"['Altair Media', 'Soc Films', 'Soc Films']"
Aliya Basu Gayab Hai,PT1H43M,5.7,['Preeti Singh'],"['J Blakeson', 'Gibran Noorani']","['Salim Diwan', 'Vinay Pathak', 'Raima Sen']",['Drama'],"August 9, 2024 (India)",['Hindi'],['Rehab Pictures Private Limited']
Stree 2,PT2H27M,7.0,['Amar Kaushik'],"['Niren Bhatt', 'Krishna D.K.', 'Raj Nidimoru']","['Rajkummar Rao', 'Shraddha Kapoor', 'Pankaj Tripathi', 'Abhishek Banerjee', 'Aparshakti Khurana', 'Atul Srivastava', 'Tamannaah Bhatia', 'Varun Dhawan', 'Akshay Kumar', 'Anya Singh', 'Sunita Rajwar', 'Bhumi Rajgor', 'Sunil Kumar', 'Shruti Pandey', 'Basit Ali Basu', 'Drishant', 'Mustaqeem Shah Khan', 'Mushtaq Khan']","['Comedy', 'Horror']","August 15, 2024 (India)",['Hindi'],"['Maddock Films', 'Jio Studios']"
Khel Khel Mein,PT2H15M,6.5,['Mudassar Aziz'],['Mudassar Aziz'],"['Akshay Kumar', 'Ammy Virk', 'Taapsee Pannu', 'Vaani Kapoor', 'Fardeen Khan', 'Pragya Jaiswal', 'Maahi Jain', 'Aditya Seal', 'Patil Jitendra Abhijeet', 'Ishitta Arun', 'Talat Aziz', 'Swarna Bharat', 'Ashutosh Choubey', ""Andre D'Cruz"", 'Grswkk', 'Alka Badola Kaushal', 'Kiran Kumar', 'Jamie Langlands']","['Comedy', 'Drama']","August 15, 2024 (India)",['Hindi'],"['KKM Film production', 'T-Series Films', 'Wakaoo Films']"
Vedaa,PT2H25M,6.0,['Nikkhil Advani'],['Aseem Arrora'],"['John Abraham', 'Sharvari', 'Abhishek Banerjee', 'Tamannaah Bhatia', 'Ashish Vidyarthi', 'Kumud Mishra', 'Rajendra Chawla', 'Tanvi Malhara', 'Anurag Thakur', 'Urvashi Dubey', 'Vidyarthi Piloo', 'Parag Sharma', 'Danish Husain', 'Kapil Nirmal', 'Ajeet Singh', 'K.C. Shankar', 'Kshitij Chauhan', 'Akshay Sharma']","['Action', 'Drama', 'Thriller']","August 15, 2024 (India)",['Hindi'],"['Emmay Entertainment', 'JA Entertainment', 'Zee Studios']"
Zorawar Di Jacqueline,PT2H27M,5.4,['Dapinder Sandhu'],['Dapinder Sandhu'],"['Manish Goplani', 'Malvi Malhotra', 'Amritpal Singh Billa', 'Anita Meet', 'Satwant Kaur', 'Romaish Romi Pandita', 'Akhil Arora', 'Riya Shukla', 'Simran Nathmalpuria', 'Amreen Kaur Shahpuri', 'Amanish Singh Shinh', 'Pawan Dhiman', 'Ramandeep Gurdaspuria', 'Saurav Bakshi']","['Drama', 'Romance']","August 20, 2024 (India)",['Hindi'],"['Deep Bhullar Films', 'Fitrat Film Studios', 'Nagaada Film Studio']"
Chanchal Haseena,PT1H38M,6.9,['Shoib Nikash Shah'],"['Yash Goradia', 'Kalpana C. Khurana']","['Shiny Dixit', 'Jinal Joshi', 'Shanaya Khanna', 'Arfan Nazir', 'Mahikshit Singh']",['Romance'],"August 22, 2024 (India)",['Hindi'],['Rahat Kazmi Film Studios']
Tikdam,PT1H57M,7.8,['Vivek Anchalia'],"['Pankaj Nihalani', 'Vivek Anchalia', 'Animesh Verma']","['Amit Sial', 'Sonam Arora', 'DN Bhatt', 'Nayan Bhatt', 'Jitendra Bisht', 'Ankush Deshmukh', 'Divyansh Dwivedi', 'Kalyani Gangola', 'Daood Hussain', 'Arisht Jain', 'Ajit Kelkar', 'Yushira Khan', 'Aditi Khurana', 'Pawan Kumar', 'Madan Mehra', 'Aakash Negi', 'Jeniffer Piccinato', 'Aarohi Saud']",['Drama'],"August 23, 2024 (India)",['Hindi'],"['Skylark Productions', 'Jio Studios']"
A Wedding Story,PT1H50M,5.2,['Abhinav Pareek'],['Shubho Shekhar Bhattacharjee'],"['Vaibhav Tatwawadi', 'Mukti Mohan', 'Akshay Anand', 'Lakshvir Saran', 'Monica Chaudhary', 'Urvi Upadhyay', 'Vidyarthi Piloo', 'Plom Khurana', 'Krishnakant Singh Bundela', 'Prateek Pachauri', 'Sanjay Kota', 'Saad Baba', 'Rupesh Chauhan']",['Horror'],"August 30, 2024 (India)",['Hindi'],['Boundless Blackbuck Films']
The Diary of West Bengal,PT2H2M,6.4,['Sanoj Mishra'],['Sanoj Mishra'],"['Yajur Marwah', 'Ramendra Chakarwarti', 'Arshin Mehta', 'Gauri Shankar', 'Avadh Ashwini', 'Ashish Kumar', 'Ronav Verma', 'Mukesh Agrohari', 'Anil Anjunil', 'Reena Bhattacharya', 'Anuj Dixit', 'Dev Fauzdar', 'Deepak Kamboj', 'Garima Kapoor', 'Neet Mahal', 'Abhishek Mishra', 'Hariom Mishra', 'Ashish Rajput']",['Drama'],"August 30, 2024 (India)",['Hindi'],['Waseem Rizvi Films']
Visfot,PT2H10M,5.7,['Kookie Gulati'],"['Abbas Dalal', 'Hussain Dalal']","['Sheeba Chaddha', 'Riteish Deshmukh', 'Fardeen Khan', 'Priya Bapat', ""Krystle D'Souza"", 'Seema Biswas', 'Purnendu Bhattacharya', 'Arjun Aneja', 'Nachiket Purnapatre', 'Arham Khan', 'Neha Pednekar', 'Prashant Singh', 'Krishna Bhatt']","['Crime', 'Thriller']","September 6, 2024 (India)",['Hindi'],"['T-Series Films', 'White Feather Films', 'White Feather Films']"
Sector 36,PT2H3M,7.1,['Aditya Nimbalkar'],['Bodhayan Roychaudhury'],"['Vikrant Massey', 'Deepak Dobriyal', 'Akash Khurana', 'Darshan Jariwala', 'Mahadev Singh Lakhawat', 'Ajeet Singh', 'Kachoo Ahmad Khan', 'Subir Kumar Biswas', 'Baharul Islam', 'Arindol Bagchi', 'Trimala Adhikari', 'Varun Bhilatia', 'Tanushree Das', 'Hardeep Gupta', 'Ivana Kaur', 'Ipshita Chakraborty Singh', 'Geeta Sodhi']","['Crime', 'Thriller']","September 13, 2024 (India)",['Hindi'],"['Jio Studios', 'Maddock Films']"
Adbhut,PT2H,5.2,['Sabbir Khan'],['Sabbir Khan'],"['Shreya Dhanwanthary', 'Rohan Mehra', 'Himanshi Parashar', 'Diana Penty', 'Krishna Sharma', 'Shashank Shende', 'Nawazuddin Siddiqui']","['Drama', 'Thriller']","September 15, 2024 (India)",['Hindi'],"['Sabbir Khan Films', 'Sony Pictures International Productions']"
Maaya Ka Moh,PT1H30M,3.7,['Ankush Bhatt'],"['Niti Potdar', 'Akshat Sharma']","['Priya Banerjee', 'Sheetal Dabholkar', 'Mahesh Shetty', 'Pankit Thakker']","['Drama', 'Romance']","September 19, 2024 (India)",['Hindi'],"['Shobhana Desai Production', 'Shobhana Desai Production']"
Yudhra,PT2H22M,5.1,['Ravi Udyawar'],"['Farhan Akhtar', 'Akshat Ghildial', 'Shridhar Raghavan']","['Siddhant Chaturvedi', 'Malavika Mohanan', 'Sarthak Khurana', 'Raghav Juyal', 'Gajraj Rao', 'Abhishek Bhalerao', 'Ram Kapoor', 'Raj Arjun', 'Shilpa Shukla', 'Martin Fernandez', 'Saurabh Gokhale', 'Sharvari Deshpande', 'Shireesh Sharma', 'Dolly Verma', 'Joao Mario', 'Anubha Arora', 'Kabeer Bhartiya', 'Sneha Balpande']","['Action', 'Drama', 'Thriller']","September 20, 2024 (India)",['Hindi'],['Excel Entertainment']
Jo Tera Hai Woh Mera Hai,PT1H41M,5.1,['Raj Trivedi'],"['Amit Pradhan', 'Aditya Rawal', 'Devang Tiwari']","['Paresh Rawal', 'Amit Sial', 'Sonali Kulkarni', 'Sonnalli Seygall', 'Bharti Achrekar', 'Faisal Malik', 'Nitesh Pandey', 'Sejal Gupta', 'Ravi Shankar Jaiswal', 'Jatin Sarin', 'Aashish Dubey', 'Priyank Tiwari', 'Satendra Soni', 'Harminder Singh', 'Bristi Samaddar']",['Comedy'],"September 20, 2024 (India)",['Hindi'],['Jar Pictures']
Nasha Jurm Aur Gangsters,PT2H17M,7.5,"['Rajkumar Patra', 'Rocky Rupkumar Patra']","['Rajkumar Patra', 'Rocky Rupkumar Patra', 'Yudhisthir']","['Rocky Rupkumar Patra', 'Rajkumar Patra', 'Yudhisthir', 'Feroz Khan', 'Munni Pankaj', 'Agni Dutta', 'Abhijit Acharjee', 'Mithu Dey', 'Manisha Dutta', 'Aparna Giri', 'Piklu', 'Rani', 'Bidyut Mahapatra', 'Bhabendu Satpathi', 'Akshay Rudransh', 'Manoj Kumar Chadha', 'Abhishek Mandal', 'Biswajit Shukla']","['Action', 'Crime', 'Drama', 'Thriller']","September 20, 2024 (India)",['Hindi'],"['Golden life acting modeling institute', ""Men's club Entertainment"", 'Patras Glam Entertainment']"
Bal Naren,PT1H38M,6.6,['Pawan Nagpal'],"['Pawan Nagpal', 'Umang Beena Saxena']","['Bidita Bag', 'Yagya Bhasin', 'Rajneesh Duggal', 'Harshul Loungiany', 'Govind Namdeo', 'Vindu Dara Singh']",['Drama'],"September 20, 2024 (India)",['Hindi'],['Soham Rockstar Entertainment']
Sitara,PT1H45M,5.3,['Vandana Kataria'],"['Sonia Bahl', 'Abbas Dalal', 'Hussain Dalal']","['Sobhita Dhulipala', 'Sonali Kulkarni', 'Rajeev Siddhartha', 'Sankar Induchoodan', 'Sanjay Bhutiani', 'Virginia Rodrigues', 'Seema Sawhney Sharma', 'B. Jayashree', 'Rijul Ray', 'Tamara Dsouza', 'Ashish Sawhny']","['Drama', 'Family', 'Romance']","September 27, 2024 (India)","['Hindi', 'Malayalam']","['Absolute Productions', 'RSVP', 'RSVPMovies']"
Amar Prem Ki Prem Kahaani,PT1H57M,4.4,['Hardik Gajjar'],['Rupinder Inderjit'],"['Sunny Singh', 'Aditya Seal', 'Pranutan Bahl', 'Nikky Athan', 'Sammy Jonas Heaney', 'Antarjeet Joshi', 'Ashish Kaushal', 'Sonia Sodhi Kaushal', 'Jhumma Mitra', 'Chetan Mohture', 'Diksha J Singh', 'Isha Sood']","['Romantic Comedy', 'Comedy', 'Romance']","October 4, 2024 (India)",['Hindi'],"['Jio Studios', 'Jio Studios', 'Back Bencher Pictures']"
Colourrs of Love,PT2H1M,6.3,['Divyesh Limbani'],['Divyesh Limbani'],"['Smaran Sahu', 'Pawan Chopra', 'Deepika Amin', 'Gurpreet Kkaur', 'Bhakti Kubavat']",['Drama'],"October 4, 2024 (India)",['Hindi'],[]
Jigra,PT2H33M,6.1,['Vasan Bala'],"['Vasan Bala', 'Debashish Irengbam']","['Alia Bhatt', 'Sikandar Kher', 'Vedang Raina', 'Vivek Gomber', 'Akashdeep Sabir', 'Rahul Ravindran', 'Manoj Pahwa', 'Aditya Nanda', 'Sheeba Agarwal', 'Akansha Ranjan Kapoor', 'Ankur Khanna', 'Jason Shah', 'Harssh Singh', 'Ishan Jack', 'Yuvraj Vijan', 'Dheer Hira', 'Ram Solanki', 'Simon Feilder']","['Action', 'Drama', 'Thriller']","October 11, 2024 (India)",['Hindi'],"['Dharma Productions', 'Eternal Sunshine Productions']"
Vicky Vidya Ka Woh Wala Video,PT2H32M,5.2,['Raaj Shaandilyaa'],"['Rajan Agarwal', 'Ishrat R. Khan', 'Yusuf ali Khan']","['Rajkummar Rao', 'Triptii Dimri', 'Vijay Raaz', 'Mallika Sherawat', 'Archana Puran Singh', 'Rakesh Bedi', 'Tiku Talsania', 'Mukesh Tiwari', 'Ashwini Kalsekar', 'Ray Aksh', 'Daljit Arora', 'Tracy Ann Chapel', 'Shakti Singh Chouhan', 'Shehnaaz Gill', 'Jitender', 'Archana Patel', 'Jaswant Singh Rathore', 'Saharsh']","['Raunchy Comedy', 'Slapstick', 'Comedy']","October 11, 2024 (India)",['Hindi'],"['Balaji Telefilms', 'T-Series Films', 'Thinkink Picturez']"
Naag Bhoomi,PT2H10M,5.6,['Deva Saca'],[],"['Yogi Babu', 'Aishwarya Dutta', 'Karunakaran', 'Bindhu Madhavi', 'Aadya Prasad', 'Rikin Saigal', 'Srikanth', 'Raiza Wilson']","['Action', 'Fantasy']","October 17, 2024 (India)",['Hindi'],[]
Aayushmati Geeta Matric Pass,PT2H17M,8.0,['Pradip Khairwar'],"['Kabir Keval', 'Pradip Khairwar', 'Navnitesh Singh']","['Kashika Kapoor', 'Anuj Saini', 'Atul Srivastava', 'Alka Amin', 'Pranay Dixit', 'Yash Agrawal', 'Zoie Aggarwal Ahmed', 'Saandeep Bhojaak', 'Muskan Jain', 'Mahendra Kumarr', 'Priyanka Malviya', 'Swapnil Raut']",['Drama'],"October 18, 2024 (India)",['Hindi'],"['Altair Media', 'Good Idea Films', 'Spunk Productions']"
Despatch,PT2H33M,4.4,['Kanu Behl'],"['Ishani Banerjee', 'Kanu Behl']","['Manoj Bajpayee', 'Shahana Goswami', 'Arrchita Agarwaal', 'Rituparna Sen', 'Anand Alkunte', 'Riju Bajaj', 'Arun Behl', 'Abhishek Bhalerao', 'Purnendu Bhattacharya', 'Ajoy Chakraborty', 'Chhabria Chiranjeet', 'Mishka Gambhir', 'Sainath Ganuwad', 'Nitin Goel', 'Ashok Kelkar', 'Haresh Khatri', 'Harish Khatri', 'Rajneesh Khullar']","['Drama', 'Thriller']","December 13, 2024 (India)",['Hindi'],"['Clockwork Film', 'RSVP', 'Skywalk Films']"
Phool Ka Chand,PT1H21M,7.9,[],[],[],['Biography'],"October 20, 2024 (India)","['Hindi', 'Marathi']",[]
Do Patr Aur Ek Adhoori Si Mulaaqaat,PT1H34M,7.6,['Ishan Saran Agarwal'],['Ishan Saran Agarwal'],"['Aastha Anand', 'Saksham Bambha', 'Arya Gautam', 'Mudit Gupta', 'Prathana Kachroo', 'Shubham Singh']",['Drama'],"October 20, 2024 (India)",['Hindi'],[]
Taak,PT39M,7.6,['Udit Khurana'],['Udit Khurana'],"['Jyoti Dogra', 'Ambika Kamal']",['Drama'],"October 22, 2024 (India)",['Hindi'],['Storiculture']
Forbidden Love,PT1H36M,7.2,['Ajay V.'],['Amitava Mitra'],"['Reeva Chaudhary', 'Manish Goplani', 'Neha Khatri', 'Naaz Shaikh', 'Kanchi Singh']",['Romance'],"October 24, 2024 (India)",['Hindi'],['Notty']
Do Patti,PT2H6M,6.5,['Shashanka Chaturvedi'],['Kanika Dhillon'],"['Kajol', 'Kriti Sanon', 'Shaheer Sheikh', 'Tanvi Azmi', 'Brijendra Kala', 'Prachee Shah', 'Vivek Mushran', 'Chittaranjan Tripathy', 'Manoj Bakshi', 'Mohit Chauhan', 'Darius Chinoy', 'Shikha Dhyani', 'Zeba Hussain', 'Vriddhi Jain', 'Vrishti Jain', 'Danish Kalra', 'Sohaila Kapur', 'Vidushi Manaduli']","['Crime', 'Drama', 'Mystery', 'Thriller']","October 25, 2024 (India)",['Hindi'],"['Blue Butterfly Films', 'Katha pictures', 'Vipin Priyanka Production']"
The Miranda Brothers,PT1H39M,4.3,['Sanjay Gupta'],"['Sameer Hafiz', 'Milap Zaveri']","['Sahher Bambba', 'Nikhil Chinappa', 'Rahul Dev', 'Naved Jaffrey', 'Meezaan Jafri', 'Rahul Mohite', 'Jeniffer Piccinato', 'Harshvardhan Rane', 'Manasi Joshi Roy', 'Sanjay Suri']","['Action', 'Drama', 'Sport', 'Thriller']","October 25, 2024 (India)",['Hindi'],['White Feather Films']
Tariq,PT2H2M,6.9,['Arun Gopalan'],"['Simaab Hashmi', 'Lalit Marathe', 'Ritesh Shah']","['John Abraham', 'Rukmini Maitra', 'Gajala', 'Sujith Shanker', 'Bajrangbali Singh', 'Arjun Jethwa']","['Action', 'Drama', 'Thriller']","October 29, 2024 (India)",['Hindi'],"['Bake My Cake Films', 'JA Entertainment']"
Motu Patlu & The Rise of Zombies,PT1H14M,6.5,['Dheeraj Berry'],['Dheeraj Berry'],['Sourav Chakraborty'],['Animation'],"October 31, 2024 (India)",['Hindi'],[]
Bhool Bhulaiyaa 3,PT2H38M,4.8,['Anees Bazmee'],['Aakash Kaushik'],"['Kartik Aaryan', 'Vidya Balan', 'Madhuri Dixit', 'Triptii Dimri', 'Vijay Raaz', 'Rajpal Naurang Yadav', 'Sanjay Mishra', 'Ashwini Kalsekar', 'Rajesh Sharma', 'Manish Wadhwa', 'Arun Kushwah', 'Prantika Das', 'Rose Sardana', 'Denzil Smith', 'Saurabh Dubey', 'Kanchan Mullick', 'Aashish Dubey', 'Shataf Figar']","['Supernatural Horror', 'Comedy', 'Horror']","November 1, 2024 (India)",['Hindi'],"['Super Cassettes Industries Limited (T-Series)', 'T-Series']"
Singham Again,PT2H24M,5.0,['Rohit Shetty'],"['Vidhi Ghodgaonkar', 'Abhijeet Khuman', 'Anusha Nandakumar']","['Deepika Padukone', 'Salman Khan', 'Akshay Kumar', 'Ajay Devgn', 'Kareena Kapoor', 'Ranveer Singh', 'Tiger Shroff', 'Jackie Shroff', 'Arjun Kapoor', 'Ravi Kishan', 'Shweta Tiwari', 'Farhana Bhat', 'Dayanand Shetty', 'Rajshri Nair', 'Viren Vazirani', 'Sara Khan', 'Saloni Mishra', 'Bhagya Nair']","['Action', 'Drama']","November 1, 2024 (India)",['Hindi'],"['Jio Studios', 'Ajay Devgn Ffilms', 'Bollygrad Productions']"
Vijay 69,PT1H52M,6.1,['Akshay Roy'],"['Akshay Roy', 'Abbas Tyrewala']","['Anupam Kher', 'Chunky Pandey', 'Ekavali Khanna', 'Adrija Sinha', 'Mihir Ahuja', 'Sulagna Panigrahi', 'Ketika Sharma', 'Paritosh Sand', 'Vrajesh Hirjee', 'Guddi Maruti', 'Saanand Verma', 'Pawan Chopra', 'Narendra Jetley', 'Namit', 'Anirban Bhattacharyya', 'Yogesh Bhardwaj']","['Comedy', 'Drama', 'Sport']","November 8, 2024 (India)",['Hindi'],"['YRF Entertainment', 'Yash Raj Films']"
Khwaabon Ka Jhamela,PT1H53M,6.1,['Danish Aslam'],"['Danish Aslam', 'Vicky Bahri', 'Harman Baweja']","['Prateik Patil Babbar', 'Sayani Gupta', 'Kubbra Sait', 'Danish Husain', 'Freddie Love', 'Lilette Dubey', 'Cindy Bamrah', 'Farhan Baqi', 'Kishore Bhatt', 'Bogumila Bubiak', 'Anisa Butt', 'Anil Christie', 'Babita Christie', 'Amber Elizabeth', 'Leah Khambata', 'Kaizaad Kotwal', 'Ravi Multani', 'Richa Prakash']","['Drama', 'Romance']","November 8, 2024 (India)",['Hindi'],"['Baweja Studios', 'Indo-UK Film Company', 'Oddball Motion Pictures']"
The Sabarmati Report,PT2H7M,6.6,['Dheeraj Sarna'],"['Arjun Bhandegaonkar', 'Avinash Singh Tomar']","['Vikrant Massey', 'Raashi Khanna', 'Ridhi Dogra', 'Rohit Ameriya', 'Aryan Ardent', 'Al Arjun', 'Diwakar Dhyani', 'Kalpana Gagdekar', 'Vivek Ghamande', 'Urvashi Golter', 'Badrul Islam', 'Milind Joshi', 'Prince Kashyap', 'Simran Khanna', 'Laxman Khunti', 'Sandeep Kumar', 'Vikas Mahante', 'Rahi Mamtora']","['Crime', 'Drama', 'Thriller']","November 15, 2024 (India)",['Hindi'],"['Moral of the Story', 'Balaji Motion Pictures', 'Balaji Motion Pictures']"
I Want to Talk,PT2H2M,7.1,['Shoojit Sircar'],['Ritesh Shah'],"['Abhishek Bachchan', 'Ahilya Bamroo', 'Tom McLaren', 'Janet Carter', 'Kristin Goddard', 'Joe Russell', 'Caprice Ott', 'Mike Sears', 'Eliza Kim', 'Julia Megan Sullivan', 'Charles Karafotas', 'Jayant Kripalani', 'Kathy Blaze Jefferson', 'Billy Minshall', 'David Moskowitz', 'Robert Ramirez', 'Ian Schuelke', 'Indeepa Singh']",['Drama'],"November 22, 2024 (India)",['Hindi'],"['Kino Works', 'Rising Sun Films']"
Naam,PT2H16M,6.7,['Anees Bazmee'],"['Anees Bazmee', 'Humayun Mirza']","['Ajay Devgn', 'Sameera Reddy', 'Bhoomika Chawla', 'Rahul Dev', 'Shriya Sharma', 'Sharat Saxena', 'Raqesh Bapat', 'Andy Biersack', 'Sanjay Dutt', 'Sohail Khan', 'Vidya Malvade', 'Amit Misra', 'Yukta Mookhey', 'Richa Pallod', 'Lisa Ray', 'Mink Singh', 'Mukesh Tiwari', 'Aryan Vaid']","['Action', 'Drama', 'Mystery', 'Thriller']","November 22, 2024 (India)",['Hindi'],"['Eros Now Music', 'Roongta Entertainment', 'Shemaroo Entertainment']"
Sikandar Ka Muqaddar,PT2H22M,6.0,['Neeraj Pandey'],"['Neeraj Pandey', 'Vipul K. Rawal']","['Jimmy Shergill', 'Avinash Tiwary', 'Tamannaah Bhatia', 'Rajeev Mehta', 'Divya Dutta', 'Ridhima Pandit', 'Zoya Afroz', 'Santanu Ghatak', 'Praful Joshi', 'Vikrant Kolape', 'Komal Somare', 'Ashrut Jain', 'Aparna Upadhyay', 'Khurshed Lawyer', 'Ravi Kothari', 'Anil Pandey', 'Arpit Mishra', 'Binda Rawal']","['Heist', 'Action', 'Crime', 'Drama', 'Mystery', 'Thriller']","November 29, 2024 (India)",['Hindi'],"['Friday Filmworks', 'Friday Storytellers']"
Irani Chai,PT2H,8.0,['Manoj Srivastava'],['Manoj Srivastava'],"['Mozhgan Taraneh', 'Govind Namdeo', 'Zakir Hussain', 'Zeishan Quadri', 'Aditya Lakhia', 'Anang Desai', 'Ananth Mahadevan', 'Farkhondeh Farmanizadeh', 'Ajeet Kumar', 'Akhilendra Mishra', 'Ezzatollah Ramazanifar']","['Drama', 'Thriller']","December 14, 2024 (India)",['Hindi'],[]
Agni,PT2H2M,7.4,['Rahul Dholakia'],"['Rahul Dholakia', 'Vijay Maurya']","['Pratik Gandhi', 'Divyendu Sharma', 'Jitendra Joshi', 'Sai Tamhankar', 'Saiyami Kher', 'Udit Arora', 'Kabir Shah', 'Hitesh Chauhan', 'Nitin Dhongade', 'Shakunt Joshipura', 'Sajan Kumar', 'Rohit Petkar', 'Hitesh Dave', 'Sushant Shetty', 'Pradeep Jangid', 'Pramod Pathak', 'Kundan Roy', 'Vijay Sanap']","['Action', 'Drama']","December 6, 2024 (India)",['Hindi'],['Excel Entertainment']
Benaam Rishta,PT1H30M,6.4,['Sanjay Verma'],['Giselle Galbao'],"['Krissann Barretto', 'Rose Khan', 'Suraj Pratap Singh', 'Suraj Sonik']",['Romance'],"December 11, 2024 (India)",['Hindi'],['Canopy']
Vanvaas,PT2H40M,6.7,['Anil Sharma'],"['Amjad Ali', 'Anil Sharma', 'Sunil Sirvaiya']","['Ashwini Kalsekar', 'Nana Patekar', 'Shruti Marathe', 'Utkarsh Sharma', 'Simratt Kaur Randhawa', 'Rajpal Naurang Yadav', 'Khushbu Sundar', 'Kettan Singh', 'Snehil Dixit Mehra', 'Hemant Kher', 'Bhakti Rathod', 'Paritosh Tripathi', 'Prashant Bajaj', 'Rumi Khan', 'Tejal Kishor', 'Tejas Raut', 'Simrat Kaur', 'Hanish Lamba']","['Action', 'Drama']","December 20, 2024 (India)",['Hindi'],"['Anil Sharma Productions', 'Zee Studios']"
Yo Yo Honey Singh: Famous,PT1H20M,6.9,['Mozez Singh'],[],"['Shah Rukh Khan', 'Salman Khan', 'Yo Yo Honey Singh', 'Millind Gaba', 'Jazzy B']","['Documentary', 'Drama']","December 20, 2024 (India)",['Hindi'],['Sikhya Entertainment']
Baby John,PT2H39M,6.4,['Kalees'],"['Sumit Arora', 'Kalees']","['Wamiqa Gabbi', 'Salman Khan', 'Keerthy Suresh', 'Varun Dhawan', 'Jackie Shroff', 'Sanya Malhotra', 'Rituraj Singh', 'Sheeba Chaddha', 'Rajpal Naurang Yadav', 'Zara Zyanna', 'Benedict Garrett', 'Manikandan K.', 'Sonalli Sharmisstha', 'Mona Ambegaonkar', 'Jaffer Sadiq', 'Armaan Khera', 'Mushtaq Khan', 'Prakash Belawadi']","['Action', 'Drama', 'Thriller']","December 25, 2024 (India)",['Hindi'],"['A for Apple Productions', 'Cine1 Studios', 'Jio Studios']"
Kisko Tha Pata,PT2H15M,7.5,['Ratnaa Sinha'],[],"['Ashnoor Kaur', 'Aadil Khan', 'Akshay Oberoi']","['Drama', 'Romance']","December 25, 2024 (India)",['Hindi'],['Trizent Mediaworks']
