title,duration,imdb_rating,directors,writers,genres,release_date,languages,production_companies,actor,actress
Jinn Chapter 1,00:46:00,7.8,['Hamid Baig'],"['Hamid Baig', 'Fahad Khan']",['Horror'],2024-07-11,['Hindi'],['Currant Noir Studios'],"['Naseeb Akhtar', 'Mohammed Humza Baig', 'Rahat Hussain', 'Sourabh Saini']","['Ayesha Athar', 'Manjari Chaudhary']"
Tauba Tera Jalwa,02:10:00,6.2,['Akashaditya Lama'],['Akashaditya Lama'],"['Romance', 'Thriller']",2024-01-05,['Hindi'],['Altair Media'],"['Ehsan Khan', 'Jahangir Khan', 'Jatin Khurana', 'Shashank Prajapati', 'Anil Rastogi', 'Rajesh Sharma', 'Neeraj Sood', 'Vevek Upadyay']","['Angela Krislinzki', 'Ameesha Patel']"
Fire of Love: RED,02:10:00,3.8,['Ashok Tyagi'],['Ashok Tyagi'],['Thriller'],2024-01-05,['Hindi'],['Avanti Prajakta Arts'],"['Bharat Dabholkar', 'Krushna Abhishek', 'Shantanu Bhamare', 'Kamlesh Sawant', 'Arun Bakshi', 'Shashi Sharma', 'Mukesh Tyagi', 'Abhijeet Shwetchandra']","['Payal Ghosh', 'Kanchan Bhor', 'Simran Ahuja', 'Neelu Chopra']"
Saar the Conclusion,01:31:00,7.9,['Danish Ali'],"['Kamleshwar', 'Sanjay Kumar']",['Drama'],2024-01-05,['Hindi'],"['Kavyanjali Films', 'Mishika Films']","['Kapil Sharma', 'Kamleshwar', 'Manoj Chauhan', 'Abhishek Gupta', 'Shubham Gupta', 'Vibhu Kashyap', 'Kailash Khandelwal', 'Vikas Sharma', 'Yashan Singh']","['Monika Choudhary', 'Rupali Pallavi', 'Priyanshi Soman', 'Ritu Choudhary', 'Nishika Singh', 'Pakhi Singh']"
Merry Christmas,02:24:00,6.9,['Sriram Raghavan'],"['Frédéric Dard', 'Sriram Raghavan', 'Arijit Biswas']","['Drama', 'Mystery', 'Thriller']",2024-01-12,"['Hindi', 'Tamil']","['Matchbox Pictures', 'Tips Films']","['Vijay Sethupathi', 'Vinay Pathak', 'Sanjay Kapoor', 'Luke Kenny', 'Sahil Vaid', 'Hemant K Gaur', 'Anil Dadheech', 'Prashant Parab', 'Abhishek Shukla', 'Pratik Nandkumar More']","['Katrina Kaif', 'Pari Sharma', 'Gayathrie', 'Ashwini Kalsekar', 'Radhika Apte']"
Main Atal Hoon,02:19:00,6.9,"['Ravi Jadhav', 'Javed Karim']","['Ravi Jadhav', 'Utkarsh Naithani', 'Rishi Virmani']","['Biography', 'Drama']",2024-01-19,['Hindi'],"['Bhanushali Studios Limited', 'Legend Studios']","['Mahmood Hashmi', 'Pankaj Tripathi', 'Benedict Garrett', 'Harshal Gire', 'Rajesh Dubeay', 'Harshad Kumar', 'Krishna Saajnani', 'Lovekkush Kundu', 'Anil Jhamajham', 'Ranjeet Khanna', 'Piyush Mishra', 'Prashant Mishra', 'Salim Husen Mulla', 'Avanish Pandey']","['Madhu Singh', 'Sarah Killedar', 'Paula McGlynn', 'Payal Nair']"
Six-Nine-Five,02:17:00,6.9,"['Rajneesh Berry', 'Yogesh Bhardwaj']","['Aadesh K. Arjun', 'Yogesh Bhardwaj', 'Shyam Chawla']","['Adventure', 'History']",2024-01-19,['Hindi'],['Shadani Films'],"['Aalaap Tyagi', 'Gajendra Chauhan', 'Rakesh Dube', 'Raakeshh Dubey', 'Rakesh Dubey', 'Shailendra Gaur', 'Arun Govil', 'Manoj Joshi', 'Suunil R Kumar', 'Akhilendra Mishra', 'Raja Misshra', 'Govind Namdeo', 'Ashok Samarth', 'Gauri Shankar', 'Prashant Shyam Sri', 'Abhay Dheeraj Singh', 'Mukesh Tiwari']",['Garima Agarwal']
Fighter,02:46:00,6.2,['Siddharth Anand'],"['Siddharth Anand', 'Ramon Chibb', 'Abbas Dalal']","['Action Epic', 'Action', 'Drama']",2024-01-25,"['Hindi', 'English']","['Betterfly Films', 'Manomay Motion Pictures', 'Marlix Pictures']","['Hrithik Roshan', 'Anil Kapoor', 'Karan Singh Grover', 'Akshay Oberoi', 'Ramon Chibb', 'Ashutosh Rana', 'Sanjiv Chopra', 'Talat Aziz', 'Sharib Hashmi', 'Vinay Varma']","['Deepika Padukone', 'Seerat Mast', 'Aditi Sandhya Sharma', 'Banveen Singh']"
Game Over,01:14:00,5.3,['Ashish Deo'],['Ashish Deo'],['Crime'],2024-01-25,['Hindi'],['Trisha Studios'],"['Sachin Danai', 'Basant Kumar', 'Sagar Pabale']",['Jinal Joshi']
Ajab Gajab Dhamal,02:21:00,5.2,['Smeep Kang'],[],['Comedy'],2024-01-26,['Hindi'],['Gakhal Group Production'],"['Jaswinder Bhalla', 'Sunil Grover', 'Jimmy Shergill', 'Vakil Singh']",[]
Zehan,01:53:00,4.9,['Dhirendra M. Dimri'],"['Vasant Kashyap Jha', 'Abhishek Shashi Kumar']","['Romance', 'Thriller']",2024-02-02,['Hindi'],['Stuti Production'],"['Arya Babbar', 'Nikhil Chaudhary', 'Jeet Raidutt', 'Vikas Shrivastav']","['Nidhi Nautiyal', 'Surbhi Mahendru', 'Sumisha Shankar', 'Lovely Sharma']"
Bhakshak,02:14:00,7.2,['Pulkit'],"['Jyotsana Nath', 'Pulkit']","['Crime', 'Drama']",2024-02-09,['Hindi'],['Red Chillies Entertainment'],"['Sanjay Mishra', 'Aditya Srivastav', 'Chittaranjan Tripathy', 'Durgesh Kumar', 'Satyakam Anand', 'Pravin Kumar Sisodia', 'Murari Kumar', 'Shakti Kumar', 'Danish Iqbal']","['Bhumi Pednekar', 'Sai Tamhankar', 'Tanisha Mehta', 'Samta Sudiksha', 'Gulista Alija', 'Pubali Sanyal', 'Farheen Khan']"
Teri Baaton Mein Aisa Uljha Jiya,02:21:00,6.2,"['Amit Joshi', 'Aradhana Sah']","['Amit Joshi', 'Aradhana Sah']","['Comedy', 'Drama', 'Romance', 'Sci-Fi']",2024-02-09,['Hindi'],"['Jio Studios', 'Maddock Films']","['Shahid Kapoor', 'Dharmendra', 'Rakesh Bedi', 'Rajesh Kumar', 'Ashish Verma', 'Brij Bhushan Shukla', 'Shaunak Duggal', 'Chitransh Raj', 'Abhishek Gaikwad']","['Kriti Sanon', 'Anubha Fatehpuria', 'Grusha Kapoor', 'Maahi Jain', 'Janhvi Kapoor', 'Snehal Shidham', 'Shivani Sopori']"
Lantrani,01:39:00,5.0,"['Kaushik Ganguly', 'Bhaskar Hazarika', 'Gurvinder Singh']",['Durgesh Singh'],"['Comedy', 'Drama']",2024-02-09,['Hindi'],"['Neeljai Films', 'Neeljai Films']","['Rajesh Awasthi', 'Boloram Das', 'Jitendra Kumar', 'Johny Lever', 'Kevin Lisy', 'Sanjay Mahanand', 'Jisshu Sengupta']",['Nimisha Sajayan']
Mirg,01:23:00,6.3,['Tarun Sharma'],['Tarun Sharma'],"['Action', 'Comedy', 'Drama']",2024-02-09,['Hindi'],"['Na Ma Productions', 'One Shot Films', 'Studio RA']","['Raj Babbar', 'Satish Kaushik', 'Shwetaabh Singh', 'Anup Soni']",['Suhani Popli']
The Fable,01:59:00,7.5,['Raam Reddy'],['Raam Reddy'],['Drama'],2024-10-20,"['Hindi', 'English']","['Maxmedia', 'Prspctvs Productions', 'Sikhya Entertainment']","['Manoj Bajpayee', 'Ravi Bisht', 'Deepak Dobriyal', 'Awan Pookot', 'Viking']","['Priyanka Bose', 'Hiral Sidhu']"
Aakhir Palaayan Kab Tak,01:48:00,6.4,['Mukul Vikram'],['Mukul Vikram'],['Drama'],2024-02-16,['Hindi'],"['Maa Chunki Devi Productions', 'Trisha Studios']","['Bhushan Patiyal', 'Rajesh Sharma', 'Chittaranjan Giri', 'Gaurav M Sharma', 'Dheerendra Dwivedi', 'Saurabh Agnihotri', 'Brijesh Karanwal', 'Avinash Kumar', 'Akshit Chauhan', 'Mahendra Shrivas', 'Ravi Dutt Kaushik', 'Arjun Thakur', 'Sushil Yadav', 'Tilakraj Singh']",['Sohani Kumari']
Kuch Khattaa Ho Jaay,02:05:00,5.6,['Ashok G.'],"['Raj Saluja', 'Niket Pandey', 'Vijay Pal Singh']",['Comedy'],2024-02-16,['Hindi'],['Mach Films'],"['Brahmanandam', 'Paresh Ganatra', 'Abhinandan Jindal', 'Anupam Kher', 'Guru Randhawa', 'Atul Srivastava', 'Paritosh Tripathi']","['Ila Arun', 'Kavita Srivastava', 'Ambika Vani']"
Scammy Boys,01:44:00,4.2,['Shoib Nikash Shah'],"['Ujjwal Jain', 'Pankaj Kanta', 'Rahhat Shah Kazmi']",['Thriller'],2024-02-16,['Hindi'],['Rahat Kazmi Film Studios'],"['Hussein Khan', 'Ashmit Patel', 'Rajeev Rana', 'Ayushmaan Saxena', 'Shoib Nikash Shah', 'Rudra Soni']",['Rupa Chaulagain']
Imamdasta,02:23:00,7.6,['Rizwan Siddiqui'],['Rizwan Siddiqui'],['Drama'],2024-02-16,['Hindi'],['Noorjahan Moving Images'],"['Rakesh Sharma', 'Mahesh Chandra Deva', 'Jay Shanker Pandey', 'Raju Pandey', 'Abhijit Sarkar', 'Sahaarsh Shuklaa', 'Kapil Tilhari', 'Sandeep Yadav']",[]
In the Belly of a Tiger,01:31:00,7.8,['Jatla Siddartha'],"['Amanda Mooney', 'Jatla Siddartha']","['Drama', 'Horror']",2024-02-18,['Hindi'],"['Jeevi FIlms', 'Bhairavi Films', 'Wonder Pictures']","['Sorabh Jaiswar', 'Francis Lawrence']","['Pooja Pallavi', 'Roselynn Raj', 'Poonam Tiwari']"
Article 370,02:38:00,7.8,['Aditya Suhas Jambhale'],"['Aditya Dhar', 'Monal Thaakar', 'Aditya Suhas Jambhale']","['Political Drama', 'Political Thriller', 'Action', 'Drama', 'Thriller']",2024-02-23,['Hindi'],"['B62 Studios', 'Jio Studios']","['Vaibhav Tatwawadi', 'Mohan Agashe', 'Hitesh Aggarwal', 'Raj Arjun', 'Sandeep Chatterjee', 'Praveen Gadkar', 'Kumar Kanchan Ghosh', 'Arun Govil', 'Sumit Kaul', 'Shivam Khajuria', 'Midhat Khan']","['Yami Gautam', 'Priyamani', 'Sukhita Aiyar', 'Iravati Harshe', 'Kiran Karmarkar', 'Janya Khandpur', 'Ashwini Koul']"
CRAKK: Jeetegaa Toh Jiyegaa,02:34:00,4.7,['Aditya Datt'],"['Aditya Datt', 'Rehan Khan', 'Sarim Momin']","['Extreme Sport', 'Action', 'Sport', 'Thriller']",2024-02-23,['Hindi'],"['Action Hero Films', 'PZ Pictures']","['Vidyut Jammwal', 'Arjun Rampal', 'Ankit Mohan', 'Bijay Anand', 'Rajendra Shisatkar', 'Shalaka Pawar', 'Michael Owusu', 'MC Square', 'Insane Ashraf', 'Tomasz Drankowski', 'Dominic Knight', 'Aarash Shah']","['Nora Fatehi', 'Amy Jackson', 'Jamie Lever', 'Pooja Sawant', 'Rukmini Maitra']"
Operation Valentine,02:13:00,5.3,['Shakti Pratap Singh'],"['Sai Madhav Burra', 'Aamir Nahid Khan', 'Siddharth Raj Kumar']","['Action', 'Drama', 'Thriller']",2024-03-01,"['Hindi', 'Telugu']","['Annapurna Studios', 'Renaissance Pictures', 'SP International Pictures (SPIP)']","['Varun Tej', 'Paresh Pahuja', 'Mir Sarwar', 'Shataf Figar', 'Sampath Raj', 'Navdeep', 'Ashwath Bhatt', 'Vaibhav Tatwawadi', 'Ali Reza', 'Anish Kuruvilla', 'Srikanth Iyengar', 'Sameer Hasan', 'Abhinav Gomatam', 'Sundip Ved', 'Gurpal Singh']","['Manushi Chhillar', 'Ruhani Sharma', 'Madhu Nambiar']"
Kaagaz 2,02:05:00,5.9,"['V.K. Prakash', 'Jay Dev Banerjee']","['Suman Ankur', 'Khandelwal Shashank']",['Drama'],2024-03-01,['Hindi'],"['The Sathish Kaushik Entertainment', 'Venus Films']","['Anupam Kher', 'Darshan Kumaar', 'Satish Kaushik', 'Anang Desai', 'Shahid Bobby Husain', 'Ankur Suman', 'Kapil Tilhari', 'Aniruddh Dave', 'Krishiv Agarwal', 'Arshad Ali', 'Vishal Anand', 'Anshul', 'Mohd Asif', 'Mohit Bhatia']","['Neena Gupta', 'Smriti Kalra', 'Kiran Kumar']"
Dange,02:34:00,5.3,['Bejoy Nambiar'],"['Neil Julian Balthazar', 'Mithila Hegde', 'Bejoy Nambiar']","['Action', 'Drama']",2024-03-01,['Hindi'],"['Getaway Pictures Presentation', 'T-Series Films']","['Harshvardhan Rane', 'Ehan Bhat', 'T.J. Bhanu', 'Nakul Roshan Sahdev', 'Insane Ashraf', 'Mridul Das', 'Keshav Lokwani', 'Athul Prabhakaran', 'Pratham Rathod', 'Kabir Shah', 'Jeeva Subramanian']","['Nikita Dutta', 'Taniya Kalrra', 'Paavani Atrey', 'Omna Harjani', 'Kratika Pancholi']"
Shaitaan,02:12:00,6.5,['Vikas Bahl'],"['Aamil Keeyan Khan', 'Krishnadev Yagnik']","['Psychological Drama', 'Psychological Horror', 'Psychological Thriller', 'Supernatural Horror', 'Drama', 'Horror', 'Thriller']",2024-03-08,['Hindi'],"['Jio Studios', 'Ajay Devgn Ffilms', 'Panorama Studios']","['Ajay Devgn', 'Madhavan', 'Anngad Raaj', 'Ashish Gokhale', 'Vikash Kawa', 'Akram Musharaf', 'Divyansh Anandani', 'Abhishek Arun']","['Janki Bodiwala', 'Madhurima Ghosh', 'Monica Nash', 'Farina Nizam', 'Anjali Sardana', 'Sweta Gupta', 'Ankita Sharma', 'Raziya Sultana']"
Until I Fly,01:30:00,7.3,[],[],['Documentary'],2024-03-10,['Hindi'],"['Al Jazeera Documentary Channel', 'BBC Storyville', 'Elda Productions']",[],[]
Yodha,02:10:00,5.7,"['Sagar Ambre', 'Pushkar Ojha']",['Sagar Ambre'],"['One-Person Army Action', 'Action', 'Drama', 'Thriller']",2024-03-15,['Hindi'],"['Amazon Prime Video', 'Dharma Productions', 'Mentor Disciple Films']","['Sidharth Malhotra', 'Mridul Raj Anand', 'Bhuvan Chopra', 'Pawan Chopra', 'Rahuul Chwudhary', 'Kenneth Desai', 'Sadiq Farooqui', 'Prashanth Goswami', 'Sanjay Gurbaxani', 'Sunny Hinduja', 'Hariom Kalra', 'Pankaj Kalra', 'Vikram Kapadia', 'Abhishek Mishra']","['Raashi Khanna', 'Disha Patani', 'Kritika Bharadwaj', 'Shivangi Bhardwaj']"
Murder Mubarak,02:20:00,5.8,['Homi Adajania'],"['Anuja Chauhan', 'Gazal Dhaliwal', 'Suprotim Sengupta']","['Whodunnit', 'Comedy', 'Mystery', 'Romance']",2024-03-15,['Hindi'],['Maddock Films'],"['Pankaj Tripathi', 'Vijay Varma', 'Sanjay Kapoor', 'Suhail Nayyar', 'Aashim Gulati', 'Priyank Tiwari', 'Brijendra Kala', 'Deven Bhojani', 'Varun Mitra', 'Purnendu Bhattacharya', 'Alok Panwar']","['Sara Ali Khan', 'Karisma Kapoor', 'Tara-Alisha Berry', 'Grusha Kapoor', 'Padmini Sardesai']"
Bastar,02:04:00,6.4,"['Sudipto Sen', 'Vipul Amrutlal Shah']","['Amarnath Jha', 'Sudipto Sen', 'Vipul Amrutlal Shah']","['Action', 'Crime', 'Drama']",2024-03-15,['Hindi'],"['A Vipul Amrutlal Shah Production', 'Last Monk media', 'Sunshine Pictures']","['Shah Zain Alam', 'Purnendu Bhattacharya', 'Sanjay Borkar', 'Vikrant Chaturvedi', 'Vatsa Chug', 'Rahuul Chwudhary', 'Bhupendra Singh Deol', 'Subrat Dutta', 'Abhikalp Gagdekar', 'Sumit Gahlawat', 'Sameer Gulzar', 'Naman Jain']","['Adah Sharma', 'Anangsha Biswas', 'Sukanya Dhanda', 'Gandhali Jain']"
Ae Watan Mere Watan,02:13:00,4.7,['Kannan Iyer'],"['Darab Farooqui', 'Kannan Iyer']","['Biography', 'Drama', 'History']",2024-03-21,['Hindi'],['Dharmatic Entertainment'],"[""Alexx O'Nell"", 'Emraan Hashmi', 'Abhay Verma', 'Anand Tiwari', 'Pratik Yadav', 'Ashton Bessette', 'Annuup Choudhari', 'Benedict Garrett', 'Siddharth Gollapudi', 'Sachin Khedekar', 'Richard Bhakti Klein', 'Godaan Kumar', 'Garrvil Mohan', 'Ed Robinson', 'Sparsh Shrivastava']","['Sara Ali Khan', 'Priyanam Das', 'Manya Singh']"
Madgaon Express,02:23:00,7.0,['Kunal Kemmu'],['Kunal Kemmu'],"['Comedy', 'Drama']",2024-03-22,['Hindi'],['Excel Entertainment'],"['Divyendu Sharma', 'Pratik Gandhi', 'Avinash Tiwary', 'Upendra Limaye', 'Raviraj Kande', 'Vipul Deshpande', 'Umesh Jagtap', 'Kunal Kemmu', 'Yash Bhojwani', 'Aaryan Prajapati', 'Sameer Patlil', 'Shiv Narayan']","['Nora Fatehi', 'Chhaya Kadam', 'Alpana Buch', 'Sonali Desai']"
The Crew,01:58:00,5.8,['Rajesh A Krishnan'],"['Nidhi Mehra', 'Mehul Suri']","['Comedy', 'Drama']",2024-03-29,['Hindi'],"['Anil Kapoor Film Company', 'Balaji Films']","['Diljit Dosanjh', 'Kapil Sharma', 'Saswata Chatterjee', 'Rajesh Sharma', 'Garima Yajnik', 'Kulbhushan Kharbanda', 'Ramakant Dayma', 'Shivam Khanna', 'Mohit Gupta', 'Ivan Rodrigues']","['Tabu', 'Kareena Kapoor', 'Kriti Sanon', 'Trupti Khamkar', 'Charu Shankar', 'Heital Puniwala', 'Pooja Bhamrrah', 'Maeha Sharma']"
Swatantra Veer Savarkar,02:56:00,7.7,['Randeep Hooda'],"['Randeep Hooda', 'Utkarsh Naithani']","['Docudrama', 'Biography', 'Drama']",2024-03-22,"['Hindi', 'Marathi']","['Anand Pandit Motion Pictures', 'Avak Films', 'Legend Global Studio']","['Randeep Hooda', 'Apinderdeep Singh', 'Amit Sial', 'Mark Bennington', 'Russell Geoffrey Banks', 'David Michael Harrison', 'Chetan Swaroop Tirdia', 'Richard Bhakti Klein', 'Biswarup Mondal', 'Ed Robinson', 'Krishna Bhatt', 'Sal Yusuf']","['Ankita Lokhande', 'Emily R. Acland', 'Carl A. Harte', 'Hella Stichlmair']"
Welcome Wedding,02:00:00,5.2,['Aanand Raut'],['Sachindra Sharma'],['Comedy'],2024-03-29,['Hindi'],['Vikash Film International'],"['Rajpal Naurang Yadav', 'Raju Kher', 'Arun Bakshi', 'Sahil Kohli', 'Milind Prasad', 'Jay Mishra', 'Rohit Raj', 'Rajesh Singh', 'Darshan Jariwala', 'Kishan Bhan']","['Rakhi Sawant', 'Komal Jha', 'Farida Dadi', 'Manisha Kumari', 'Prakashika Naik', 'Riyana Shukla', 'Preeti Mishra']"
Patna Shukla,02:05:00,5.6,"['Vivek Budakoti', 'Rajendra Tiwari']","['Sameer Arora', 'Vivek Budakoti']","['Legal Drama', 'Drama']",2024-03-29,['Hindi'],['Zeal Z Entertainment services'],"['Manav Vij', 'Satish Kaushik', 'Raju Kher', 'Jatin Goswami', 'Dayashankar Pandey', 'Ambrish Saxena', 'Ishan Saxena']","['Anushka Kaushik', 'Rio Kapadia', 'Palak Jain', 'Sushmita Mukherjee', 'Nandini Ratley', 'Rajshree Thakkar']"
Bengal 1947,02:09:00,6.9,['Akashaditya Lama'],['Akashaditya Lama'],['Drama'],2024-03-29,['Hindi'],"['Comfed Productions', 'Think Tank Global']","['Ankur Armam', 'Harish Bhimani', 'Rajesh Bonik', 'Yogendra Choubey', 'Atul Gangwar', 'Aditya Lakhia', 'Pramod Pawar', 'Anil Rastogi', 'Vikram TDR', 'Vevek Upadyay']","['Devoleena Bhattacharjee', 'Pooja Kankate', 'Sohaila Kapur', 'Falaq Rahi', 'Surabhi Krishna Srivastava']"
Dukaan,02:02:00,7.6,"['Siddharth Singh', 'Garima Wahal']","['Siddharth Singh', 'Garima Wahal']",['Drama'],2024-04-05,"['Hindi', 'English', 'Gujarati']","['Kalamkaar Picture Productions', 'Waveband Productions']","['Insane Ashraf', 'Vrajesh Hirjee', 'Sikandar Kher', 'Piyush Kumar', 'Soham Majumdar', 'Hridansh Parekh', 'Romanch Soni', 'Bilal Özel']","['Monika Panwar', 'Bhoomika Meena', 'Shreya Sharma', 'Monali Thakur', 'Anannya Vaidya']"
Ek Kori Prem Katha,02:09:00,6.4,['Cchinmay P Purohit'],"['Nishant Bhardwaj', 'Arvind Chaudhary', 'Gayatri Manish']",['Drama'],2024-04-05,['Hindi'],['Kenilworth Film Productions'],"['Akshay Oberoi', 'Raj Babbar', 'Darshan Jariwala', 'Ashutosh Kushwaha', 'Murali Mali', 'Mukesh S. Bhatt', 'Bharat Jha', 'Alok Pandey']","['Khanak Budhiraja', 'Poonam Dhillon', 'Gwen Hussein', 'Sarah Lockett', 'Richa Amberr', 'Jiya Bharti', 'Mamta']"
One Last Time,01:22:00,7.0,['Mohinder Pratap Singh'],['Mohinder Pratap Singh'],['Crime'],2024-04-07,['Hindi'],['Mandaliwala Films'],"['Boloram Das', 'Amitosh Nagpal', 'K.J. Singh']","['Gita Guha', 'Bhawsheel Singh Sahni', 'Poornanand Wandhekar']"
Bade Miyan Chote Miyan,02:43:00,3.8,['Ali Abbas Zafar'],"['Aditya Basu', 'Vashu Bhagnani', 'Suraj Gianani']","['Action Epic', 'Artificial Intelligence', 'Globetrotting Adventure', 'Action', 'Adventure', 'Sci-Fi', 'Thriller']",2024-04-11,['Hindi'],"['AAZ Films', 'Pooja Entertainment & Films']","['Akshay Kumar', 'Prithviraj Sukumaran', 'Tiger Shroff', 'Sonakshi Sinha', 'Ronit Roy', 'Bijay Anand', 'Shahab Ali', 'Zina Esepciuc', 'Manish Chaudhari', 'Tahirr Aashhraf', 'James Matheson', 'Pawan Chopra']","['Alaya F', 'Manushi Chhillar', 'Yasmine Alice', 'Deshna Dugad', 'Diya Jandu', 'Bijou Thaangjam']"
Maidaan,03:01:00,8.0,['Amit Ravindernath Sharma'],"['Akash Chawla', 'Sidhant Mago', 'Saiwyn Quadras']","['Docudrama', 'Period Drama', 'Soccer', 'Biography', 'Drama', 'History', 'Sport']",2024-04-10,['Hindi'],"['Bayview Projects', 'FreshLime Films', 'Zee Studios']","['Ajay Devgn', 'Gajraj Rao', 'Rudranil Ghosh', 'Baharul Islam', 'Maxx Taylor', 'Toplica Milan Dunjic', 'Amartya Ray', 'Raphael Jose', 'Sammy Jonas Heaney', 'Peter Daniel Adams', 'Arnob Khan Akib', 'Insane Ashraf']","['Priyamani', 'Devyansh Tapuriah', 'Nitanshi Goel', 'Meena Patel', 'Shivangi Bhardwaj']"
Silence 2,02:22:00,6.2,['Aban Bharucha Deohans'],['Aban Bharucha Deohans'],"['Crime', 'Drama', 'Thriller']",2024-04-16,['Hindi'],"['Candid Creations', 'Zee Studios']","['Manoj Bajpayee', 'Dinker Sharma', 'Sahil Vaid', 'Ankit Bhardwaj', 'Vaquar Shaikh', 'Chetan Sharma', 'Padam Bhola', 'Surendra Kumar Bajiya', 'Akshay Dandekar', 'Ankit Sharma']","['Parul Gulati', 'Prachi Desai', 'Shruti Bapna', 'Maahi Jain', 'Ishika Gagneja', 'Sujata Mogal', 'Nidhi Punmiya', 'Khushbu Patariya']"
Do Aur Do Pyaar,02:20:00,6.6,['Shirsha Guha Thakurta'],"['Amrita Bagchi', 'Eisha Chopra', 'Suprotim Sengupta']","['Comedy', 'Drama', 'Romance']",2024-04-19,['Hindi'],"['Applause Entertainment Ltd.', 'Ellipsis Entertainment', 'Post Cartel']","['Pratik Gandhi', 'Sendhil Ramamurthy', 'Thalaivasal Vijay', 'Kumaradas T N', 'S Subrahmoniam', 'Akshay Bhagat', 'Nambi. P', 'Arun Ajikumar', 'K. Rajan']","['Vidya Balan', ""Ileana D'Cruz"", 'Rekha Kudligi', 'Hitha Chandrashekar', 'Dipika Pandey', 'Sheeja Shetty', 'Kamala']"
Mr. & Mrs. Mahi,02:19:00,5.9,['Sharan Sharma'],"['Nikhil Mehrotra', 'Sharan Sharma']","['Drama', 'Sport']",2024-05-31,['Hindi'],"['Dharma Productions', 'Light n Light', 'Zee Studios']","['Rajkummar Rao', 'Rajesh Sharma', 'Kumud Mishra', 'Purnendu Bhattacharya', 'Arjit Taneja', 'Naman Arora', 'Krishan Bhargav', 'Abhilash Chaudhary', 'Nirmal Chiraniyan', 'Arpan Das', 'Himanshu Jaykar', 'Siddhant Khanna', 'Kundan Kumar']","['Janhvi Kapoor', 'Zarina Wahab', 'Yamini Das', 'Heet Gandhi', 'Pooja Joshi']"
Demons,01:35:00,7.3,['Rohit Mittal'],['Rohit Mittal'],['Drama'],2024-04-19,['Hindi'],['Humara Movie'],"['Narottam Bain', 'Sanjay Bishnoi', 'Vinay Sharma']",['Swati Semwal']
"LSD 2: Love, Sex Aur Dhokha 2",01:59:00,3.8,['Dibakar Banerjee'],"['Dibakar Banerjee', 'Shubham', 'Prateek Vats']","['Comedy', 'Crime', 'Drama', 'Romance']",2024-04-19,['Hindi'],"['Balaji Telefilms', 'Cult Movies']","['Paritosh Tiwari', 'Abhinav Singh', 'Rahul Raj Chenichery', 'Hardeep Gupta', 'Anupam Joardar', 'Tusshar Kapoor', 'Aashu Kumar', 'Piyush Kumar', 'Anu Malik']","['Bonita Rajpurohit', 'Swastika Mukherjee', 'Sophiya Chaudhary', 'Shivani Dubey', 'Swaroopa Ghosh', 'Tanvika Parlikar', 'Mouni Roy']"
Ameena,01:47:00,6.2,['Kumar Raj'],"['Aftab Hasnain', 'Kishan Kumar Pawar']","['Action', 'Drama', 'Thriller']",2024-01-01,['Hindi'],['Kumar Raj Productions'],"['Ananth Mahadevan', 'Kumar Raj', 'Kishan Kumar Pawar', 'Nayan Pawar', 'Ranjeet Jaiswal', 'Shivraj Vora', 'Kamal Adib']","['Rekha Rana', 'Manu Malkani', 'Aarti Vazirani', 'Sunita Balani', 'Pranali Bondikar', 'Reshma Chawla', 'Sunita D.', 'Rupali Ganguly', 'Abeer Goel']"
Kaam Chalu Hai,01:22:00,7.2,['Palaash Muchhal'],['Palaash Muchhal'],['Drama'],2024-04-19,['Hindi'],"['Baseline Studios', 'Pal Music & Films']","['Karan Ashok Awale', 'Swapnil Kamble', 'Namdev Kamlakar', 'Akshay Kamle', 'Ajit Mehta', 'Meghali Nargachhe', 'Rajpal Naurang Yadav', 'Shreyash Pandit', 'Akshay Patil', 'Nalavade Prathmesh', 'Param D Walia']","['Giaa Manek', 'Saniya Musawar', 'Piya Prasad', 'Rajshree Shah']"
Luv You Shankar,02:00:00,6.0,['Rajiv S. Ruia'],"['Sanjay Masoom', 'Ravindra Ram Patil']",['Animation'],2024-04-19,['Hindi'],"['Jumping Tomato Marketing Pvt. Ltd.', 'SD World Film Production']","['Arun Behl', 'Krishna Chaubey', 'Kurush Deboo', 'Prateek Jain', 'Sanjay Mishra', 'Hemant Pandey', 'Abhimanyu Singh', 'Shreyas Talpade']","['Mann Gandhi', 'Elakshi A Gupta', 'Tanishaa Mukerji']"
Ruslaan,02:00:00,3.4,['Karan Lalit Butani'],"['Kavin Dave', 'Yunus Sajawal', 'Shiva']","['Action', 'Thriller']",2024-04-26,['Hindi'],"['Filming Azerbaijan', 'Sri Sathya Sai Arts']","['Aayush Sharma', 'Jagapathi Babu', 'Sal Yusuf', 'Sangay Tsheltrim', 'Manish Gaharwar', 'Zaheer Iqbal', 'Aman Kanojia', 'Rofique Khan', 'Richard Bhakti Klein', 'Eiji Mihara', 'Runav Shah']","['Sushrii Mishraa', 'Vidya Malvade', 'Beena Banerjee', 'Aruna Beniwal']"
Farming the Revolution,01:42:00,7.7,[],"['Nishtha Jain', 'Deborah Matzner', 'Valérie Montmartin']",['Documentary'],2024-07-26,"['Hindi', 'Punjabi']","['Little Big Story', 'Raintree Films', 'Piraya Film']",[],[]
Motu Patlu & the Race to the Diamond Valley,01:12:00,7.7,[],['Niraj Vikram'],"['Animation', 'Comedy']",2024-05-01,['Hindi'],['Maya Digital Studios'],[],[]
Sri,02:14:00,7.4,['Tushar Hiranandani'],"['K K Binojee', 'Sumit Purohit', 'Jagdeep Sidhu']","['Biography', 'Drama']",2024-05-10,['Hindi'],"['Alphaneon Studioz', 'Chalk and Cheese Films', 'T-Series Films']","['Rajkummar Rao', 'Sharad Kelkar', 'Om Kanojiya', 'Chittavasu Prakash', 'Bharat Jadhav', 'Aakash Jaiswal', 'Suraj Kalyankar', 'Aman Kanojia', 'Steve Larter', 'Deepak Mahato', 'Arun Malik', 'Ganesh Mayekar', 'Sridhar Murthy']","['Alaya F', 'Sukhita Aiyar']"
Raseeli Raatein,01:31:00,6.4,['Raifee'],[],['Romance'],2024-05-17,['Hindi'],[],"['Vickey Chauhan', 'Sushant Kandya', 'Gautam Kataria', 'Maan Singh Meena', 'Anurag Mishra', 'Lucky Saini', 'Sunny Saini']","['Navina Bole', 'Prachi Lengare', 'Leena Singh']"
Kartam Bhugtam,02:11:00,6.5,['Soham Shah'],['Soham Shah'],['Thriller'],2024-05-17,['Hindi'],['Gandhar Films and Studio'],"['Shreyas Talpade', 'Vijay Raaz', 'Aakash Amlani', 'Gaurav Daagar', 'Kamlesh Khare', 'Ajay Pal', 'Deepak Parihar', 'Atharva Sawant', 'Rohann Sharma', 'Sachindra Shrivastav', 'Rahul Tiwari', 'Chandrakant Upadhyay']","['Madhoo', 'Aksha Pardasany', 'Asha Bisariya', 'Ishita Trivedi']"
In Retreat,01:16:00,4.3,['Maisam Ali'],['Maisam Ali'],['Drama'],2024-10-22,"['Hindi', 'Ladakhi']","['Barycenter Films', 'Varsha Production House']",['Harish Khanna'],[]
Bhaiyya Ji,02:30:00,4.8,['Apoorv Singh Karki'],"['Apoorv Singh Karki', 'Deepak Kingrani']","['Action', 'Drama']",2024-05-24,['Hindi'],"['Aurega Studios', 'Bhanushali Studios Limited', 'SSO Productions']","['Manoj Bajpayee', 'Vipin Sharma', 'Suvinder Vicky', 'Jatin Goswami', 'Anil Rastogi', 'Akash Makhija', 'Aryan M Tiwari', 'Abhishek Ranjan', 'Nikhil Mehta', 'Amrendra Sharma', 'Zia Ahmed', 'Jaihind Kumar', 'Umesh Shukla', 'Veebhu Sharma']",['Zoya Hussain']
Barah by Barah,01:58:00,7.5,['Gaurav Madan'],"['Sunny Lahiri', 'Gaurav Madan']",['Drama'],2024-05-24,['Hindi'],"['Amdavaad Pictures', 'Last Joker Pictures']","['Aashit Chatterjee', 'Harish Khanna', 'Prithvi Singh', 'Akash Sinha', 'Gyanendra Tripathi']",['Geetika Vidya Ohlyan']
Troy the Bharat Putra,02:14:00,7.5,['Kumaar Aadarsh'],"['Kumaar Aadarsh', 'Anuja Jain', 'Shailendra Mishra']","['Animal Adventure', 'Adventure', 'Drama', 'Family']",2024-09-20,['Hindi'],"['UV Talkies', 'UVT Cinemas']","['Kumaar Aadarsh', 'Sanjeev Srivastava', 'Nitin Katare', 'Anup Bindal', 'Pravesh Kumar', 'Feroz Shaikh']","['Anuja Jain', 'Pia Roy', 'Anujja Jain', 'Pragati Jaiswal', 'Amisha Singh', 'Yashica Singh']"
Savi,02:06:00,6.2,['Abhinay Deo'],"['Aseem Arora', 'Abhinay Deo']","['Action', 'Crime', 'Drama', 'Romance', 'Thriller']",2024-05-31,['Hindi'],"['Vishesh Entertainment', 'Mishty Productions', 'Super Cassettes Industries Limited (T-Series)']","['Harshvardhan Rane', 'M.K. Raina', 'Raageshwari', 'Adrian Stretton', 'Assad Raja', 'Jyantino Albuquerque', 'Hadelin de Ponteves', 'Anthony St Clair Cadogan', 'Phil Dryden', 'Dan Gallier']","['Divya Khossla', 'Himanshi Choudhary', 'Supreet Bedi', 'Suki Chott']"
Chhota Bheem and the Curse of Damyaan,02:25:00,5.0,['Rajiv Chilaka'],"['Shridisha Dilip', 'Niraj Vikram']","['Desert Adventure', 'Action', 'Adventure', 'Comedy', 'Family', 'Fantasy']",2024-05-31,['Hindi'],['Green Gold Studios'],"['Yagya Bhasin', 'Sanjay Bishnoi', 'Shaji Chaudhary', 'Daivik Dawar', 'Makrand Deshpande', 'Advik Jaiswal', 'Sumit Keshri', 'Anupam Kher', 'Kabir Sajid Shaikh']","['Navneet Kaur Dhillon', 'Aashriya Mishra', 'Swarna Pandey', 'Surbhi Tiwari']"
Dedh Bigha Zameen,01:40:00,6.9,['Pulkit'],['Pulkit'],"['Drama', 'Family']",2024-05-31,['Hindi'],"['Karma Media And Entertainment', 'T-Series Films']","['Prasanna Bisht', 'Pratik Gandhi', 'Hemant K Gaur', 'Deepesh Sumitra Jagdish', 'Durgesh Kumar', 'Mrityunjay Pandey', 'Vikas Sharma', 'Rishiraj Thorat']",['Khushali Kumar']
House of Lies,01:22:00,3.8,['Saumitra Singh'],['Abhi Raj Sharma'],['Mystery'],2024-05-31,['Hindi'],"['Kali Movies', 'Sebhariya Pictures']","['Ajitesh Gupta', 'Amit Gupta', 'Sanjay Kapoor', 'Hiten Paintal', 'Mir Sarwar', 'Girish Sharma', 'Mohit Singh']","['Taniya Chatterjee', 'Simran Suri', 'Smiley Suri']"
Munjya,02:03:00,6.3,['Aditya Sarpotdar'],"['Niren Bhatt', 'Yogesh Chandekar', 'Tushar Ajgaonkar']","['Comedy', 'Horror']",2024-06-07,['Hindi'],['Maddock Films'],"['Abhay Verma', 'Sathyaraj', 'Suhas Joshi', 'Taran Singh', 'Ayush Ulagadde', 'Ajay Purkar', 'Richard John Lovatt', 'Anay Kamat', 'Abhishek Banerjee']","['Sharvari', 'Mona Singh', 'Bhagyashree Limaye', 'Radhika Vidyasagar', 'Shruti Marathe', 'Khushi Hajare', 'Reema Chaudhary', 'Chandrakala']"
Blackout,02:02:00,6.2,['Devang Bhavsar'],"['Devang Bhavsar', 'Abbas Dalal', 'Hussain Dalal']","['Comedy', 'Thriller']",2024-06-07,['Hindi'],"['11:11 Productions', 'Jio Studios', 'The Fusion Media']","['Vikrant Massey', 'Sunil Grover', 'Jisshu Sengupta', 'Karan Sonawane', 'Saurabh Gadge', 'Prasad Oak', 'Anant Joshi', 'Sooraj Pops', 'Anil Kapoor']","['Mouni Roy', 'Ruhani Sharma', 'Chhaya Kadam', 'Kelly Dorji', 'Vishakha Tyagi']"
Malhar,01:43:00,6.9,['Vishal Kumbhar'],"['Vishal Kumbhar', 'Siddharth Salvi', 'Swapnil Sitaram']",['Drama'],2024-06-07,"['Hindi', 'Marathi']",['V Motion Pictures'],"['Shrinivas Pokale', 'Vinayak Potdar', 'Sharib Hashmi', 'Rishi Saxena', 'Mohammad Samad', 'Ravi Jhankal', 'Bhupesh Singh']","['Anjali Patil', 'Akshata Acharya', 'Shubhangi Bhujbal', 'Shruti Gholap']"
Bajrang Aur Ali,02:02:00,7.6,['Jaiveer'],"['Jaiveer', 'Amit Mishra']",['Drama'],2024-06-07,['Hindi'],['UtterUp'],"['Jaiveer', 'Jamie Lambe', 'Yugant Badri Pandey', 'Sachin Parikh', 'Gauri Shankar', 'Gaurishankar Singh']",['Riddhi Gupta']
Loop,01:42:00,6.7,"['Satish Ramamoorthy', 'Shreya Rastogi']","['Pratibha Misraa', 'Satish Ramamoorthy', 'Shreya Rastogi']","['Psychological Drama', 'Drama']",2024-06-11,['Hindi'],"['Riyers Films', 'Riyers Films']","['Akarsh Alagh', 'Satyajeet Puri', 'Akshay Neb', 'Anil Rastogi', 'Pradeep Gupta']","['Shreya Rastogi', 'Gunjan Jain', 'Amruta Ranjan', 'Simranjeet Kaur']"
Maharaj,02:11:00,6.5,['Siddharth P Malhotra'],"['Sneha Desai', 'Vipul Mehta', 'Kausar Munir']","['Docudrama', 'Legal Drama', 'Legal Thriller', 'Period Drama', 'Biography', 'Crime', 'Drama', 'History', 'Thriller']",2024-06-21,['Hindi'],['Yash Raj Films'],"['Junaid Khan', 'Jaideep Ahlawat', 'Viraf Patel', 'Sunil Gupta', 'Vaibhav Tatwawadi', 'Jay Upadhyay', 'Sandeep Mehta', 'Jamie Alter', 'Mark Bennington', 'Hemant Choudhary', 'Edward Sonnenblick']","['Shalini Pandey', 'Sharvari', 'Meher Vij', 'Ananya Agarwal', 'Priyal Gor', 'Sneha Desai', 'Jaya Ojha']"
Chandu Champion,02:22:00,7.8,['Kabir Khan'],"['Sumit Arora', 'Kabir Khan', 'Sudipto Sarkar']","['Docudrama', 'Water Sport', 'Action', 'Biography', 'Drama', 'History', 'Sport', 'War']",2024-06-14,['Hindi'],"['AA Films', 'Kabir Khan Films', 'Nadiadwala Grandson Entertainment']","['Kartik Aaryan', 'Vijay Raaz', 'Bhuvan Arora', 'Yashpal Sharma', 'Rajpal Naurang Yadav', 'Aniruddh Dave', 'Shreyas Talpade', 'Sonali Kulkarni', 'Ganesh Yadav', 'Hemant Choudhary', 'Brijendra Kala', 'Adonis Kapsalis', 'Nitin Bhajan']","['Sonali Kulkarni', 'Bhagyashri Borse', 'Hemangi Kavi', 'Olga Alexan', 'Gurpreet Bedi-Sondh']"
Hamare Baarah,02:28:00,7.3,['Kamal Chandra'],"['Rajan Agarwal', 'Kamal Chandra']",['Drama'],2024-06-21,['Hindi'],"['Radhika G Films', 'Newtech Media Entertainment']","['Rahul Bagga', 'Harish Chhabra', 'Manoj Joshi', 'Annu Kapoor', 'Parth Samthaan', 'Shaan Saxena', 'Paritosh Tripathi', 'Uday Vir Singh Yadav']","['Aditi Bhatpahri', 'Ankita Dwivedi', 'Farhana Fatema', 'Ashwini Kalsekar', 'Ishlin Prasad']"
Ishq Vishk Rebound,01:46:00,5.9,['Nipun Dharmadhikari'],"['Vaishali Naik', 'Vinay Chhawal', 'Ketan Pedgaonkar']","['Comedy', 'Drama']",2024-06-21,['Hindi'],['Tips Films Pvt. Ltd.'],"['Rohit Saraf', 'Jibraan Khan', 'Akarsh Khurana', 'Shataf Figar', 'Adhaar Khurana', 'Mohammad Farooq Bandhukia', 'Yash Bhukele', 'Chandu']","['Pashmina Roshan', 'Naila Grrewal', 'Supriya Pilgaonkar', 'Shilpa Tulaskar', 'Anita Kulkarni', 'Sheeba Chaddha', 'Benedicta', 'Akanshi Bhalla', 'Mohini Chaudhary']"
Jahangir National University,02:30:00,5.1,['Vinay Sharma'],['Vinay Sharma'],['Drama'],2024-06-21,['Hindi'],['Mahakaal Movies'],"['Siddharth Bodke', 'Ravi Kishan', 'Piyush Mishra', 'Vijay Raaz', 'Ashok Kumar Beniwal', 'Sidharth Bhardwaj', 'Savant Singh Premi', 'Umar Sharif', 'Atul Pandey', 'Veenay Bhasskar']","['Urvashi Rautela', 'Rashami Desai', 'Sonnalli Seygall', 'Jeniffer Piccinato', 'Shivjyoti Rajput', 'Bhagyashree Chauhan', 'Priya Bakshi']"
Sipahi,01:02:00,7.5,['Amit Bhadana'],['Amit Bhadana'],['Drama'],2024-06-25,['Hindi'],['Amit Bhadana Manoranjan'],"['Amit Bhadana', 'Dinesh Ahlawat', 'Vikas Mehta', 'Atul Kaushal', 'Aryan Raj']","['Baljinder Kaur', 'Asmi Tulsyan']"
Rautu Ka Raaz,01:54:00,6.3,['Anand Surapur'],"['Shariq Patel', 'Titiksha Singhal', 'Anand Surapur']","['Whodunnit', 'Crime', 'Drama', 'Mystery']",2024-06-28,['Hindi'],['Zee Studios'],"['Nawazuddin Siddiqui', 'Rajesh Kumar', 'Atul Tiwari', 'Vicky Dutt', 'Anoop Trevedi', 'Anil Rastogi', 'Kailash Kandwal', 'Sandeep Sharma', 'Gautam Sharma', 'Pratham Rathod', 'Parimal Aloke', 'Harshit Verma']","['Narayani Shastri', 'Samridhi Chandola', 'Riya Sisodia', 'Drishti Gaba', 'Kavita Virmani']"
Gili Gili Raat,01:33:00,5.7,['Punit Goyal'],"['Kshitij Roy', 'Vijay Pal Singh']","['Drama', 'Romance']",2024-06-28,['Hindi'],[],"['Raanveer Chahal', 'Sarosh Khurshid']","['Sarosh Khurshid', 'Prachi Lengare', 'Puja Singh', 'Sejuti Tarafder']"
Sharmajee Ki Beti,01:56:00,6.4,['Tahira Kashyap Khurrana'],['Tahira Kashyap Khurrana'],"['Comedy', 'Drama']",2024-06-28,['Hindi'],"['Applause Entertainment Ltd.', 'Ellipsis Entertainment']","['Sharib Hashmi', 'Ravjeet Singh', 'Sushant Ghadge', 'Vinayak Ketkar', 'Manuj Bhaskar', 'Lovekkush Kundu']","['Sakshi Tanwar', 'Divya Dutta', 'Saiyami Kher', 'Parvin Dabas', 'Vanshika Taparia', 'Arista Mehta', 'Nazneen Madan', 'Anjali Joshi']"
Wild Wild Punjab,01:49:00,6.2,['Simarpreet Singh'],"['Luv Ranjan', 'Harman Wadala', 'Sandeep Jain']","['Comedy', 'Romance']",2024-07-10,['Hindi'],"['Luv Films', 'T-Series']","['Varun Sharma', 'Sunny Singh', 'Jassie Gill', 'Rajesh Sharma', 'Gopal Datt', 'Samuel John', 'Ravi Bhushan', 'Sukhbeer Pal Kaur', 'Suraj Singh', 'Manish Tyagi', 'Subha Rajput', 'Satta Dhillon']","['Patralekhaa Paul', 'Ishita Raj', 'Anjum Batra', 'Asheema Vardaan', 'Rekha']"
Sarfira,02:35:00,7.0,['Sudha Kongara'],"['Sudha Kongara', 'Pooja Tolani', 'Shalini Ushadevi']",['Drama'],2024-07-12,['Hindi'],"['2D Entertainment', 'Abundantia Entertainment', 'Cape of Good Films']","['Akshay Kumar', 'Paresh Rawal', 'Seema Biswas', 'R. Sarathkumar', 'Saurabh Goyal', 'Krishnakumar Balasubramanian', 'Anil Charanjeett', 'Prakash Belawadi', 'Dan Dhanoa', 'Jay Upadhyay', 'Rahul Vohra', 'Suriya', 'Raj Jadon', 'Bhavin K Hirani', 'Rishi Gambhir', 'Aman Kanojia']","['Radhika Madan', 'Iravati Harshe']"
Kakuda,01:56:00,5.3,['Aditya Sarpotdar'],"['Avinash Dwivedi', 'Chirag Garg']","['Comedy', 'Horror']",2024-07-12,['Hindi'],"['Absolute Productions', 'RSVP']","['Riteish Deshmukh', 'Sonakshi Sinha', 'Saqib Saleem', 'Aasif Khan', 'Arun Dubey', 'Suraj Raj Madhwani', 'Garrvil Mohan', 'Ravi Ranjan', 'Hemant Singh', 'Sachin Viddrrohi']",[]
Bad Newz,02:22:00,4.8,['Anand Tiwari'],"['Tarun Dudeja', 'Ishita Moitra']","['Romantic Comedy', 'Comedy', 'Romance']",2024-07-19,['Hindi'],"['Dharma Productions', 'Leo Media Collective', 'Nagaada Film Studio']","['Vicky Kaushal', 'Ammy Virk', 'Faisal Rashid', 'Deepak Anand', 'Harnek Raj Aulakh', 'Mahabir Bhullar', 'Naveen Kaushik', 'Khayali Saharan', 'Shayank Shukla', 'Guneet Singh Sodhi', 'Kamlesh Sharma']","['Triptii Dimri', 'Neha Dhupia', 'Sheeba Chaddha', 'Ananya Panday', 'Neha Sharma', 'Vijaylaxmi Singh', 'Rachna Vasavada']"
Accident or Conspiracy: Godhra,02:13:00,7.5,['M.K. Shivaaksh'],['M.K. Shivaaksh'],"['Crime', 'Drama', 'History']",2024-07-19,['Hindi'],"['Altair Media', 'Artverse Studio', 'Om Trinetra Films']","['Ranvir Shorey', 'Manoj Joshi', 'Rajeev Soorti', 'M.K. Shivaaksh', 'Satyam Singh Ghoshi', 'Keyur Bhangade', 'Mitesh Bhavsar', 'Monuj Borkotoky', 'Nilesh Chavan', 'Tarun Datta', 'Dinesh Jain']","['Hitu Kanodia', 'Denisha Ghumra', 'Akshita Namdev', 'Satyam Singh Ghoshi', 'Garima Agarwal', 'Prathibha Borde', 'Monika Chowdhury']"
The Heist,02:00:00,7.1,['Aditya Awandhe'],['Nikita Chaturrvedi Tishya'],"['Action', 'Comedy', 'Crime']",2024-07-19,"['Hindi', 'English']","['Liv Worldwide', 'PML']","['Siddhant Kapoor', 'Jagat Rawat', 'Kushal Awatarsing', 'Bhurtun Darich', 'Ryan Satyan Jeeawock', 'Amede Jean Nicles', 'Bernard Olivier', 'Pratyaksh Rajbhatt', 'Saurabh Saraswat', 'Michel Jean Tony', 'Fadil Vencapah']","['Suman Rao', 'Heerah Fateema Haadiyah']"
The U P Files,02:02:00,6.2,['Neeraj Sahai'],['Stanish Gill'],['Drama'],2024-07-26,['Hindi'],['Shree Ostwal Films'],"['Ali Asgar', 'Vidhyadhar Bane', 'Karan Chhabra', 'Anil George', 'Avtar Gill', 'Milind Gunaji', 'Manoj Joshi', 'Shahbaz Khan', 'Vaibhav Mathur', 'Parminder Paddal', 'Ashok Samarth', 'Parvez Shaikh', 'Vineet Sharma', 'Jugendra Singh']","['Poonam Dwivedi', 'Manjari Fadnnis', 'Akanksha Saini', 'Shraddha Upadhyay']"
Chalti Rahe Zindagi,01:40:00,6.6,['Aarti S. Bagdi'],"['Aarti S. Bagdi', 'Arun Bhutra', 'Shakir Khan']",['Drama'],2024-07-26,['Hindi'],['Lovely World Entertainment'],"['Seema Biswas', 'Siddhant Kapoor', 'Indraneil Sengupta', 'Rohit Khandelwal', 'Vaibhav Anand', 'Harsh Ghogalia']","['Manjari Fadnnis', 'Barkha Sengupta', 'Flora Jacob', 'Priyal Pandorwala', 'Anaya Shivan', 'Meira Sengupta']"
Main Mulayam Singh Yadav,02:00:00,3.8,['Suvendu Raj Ghosh'],['Rashid Iqbal'],['Biography'],2024-07-26,['Hindi'],"['Blotting Paper', 'Don Cinema', 'MS Films & Productions']","['Govind Namdeo', 'Mukesh Tiwari', 'Prakash Belawadi', 'Ranojoy Bishnu', 'Sayaji Shinde', 'Rajkumar Kanojia', 'Mimoh Chakraborty', 'Gopal Singh', 'Anupam Shyam', 'Ram Sujan Singh']","['Amyth Sethi', 'Supriya Karnik', 'Kiran Jhangiani', 'Suhani Biswas', 'Sana Amin Sheikh', 'Prerna Sethi Mandal', 'Zarina Wahab']"
Dead Dead Full Dead,01:50:00,6.6,['Pratul Gaikwad'],"['Abdul Aziz', 'Pratul Gaikwad']",['Mystery'],2024-07-28,"['Hindi', 'English']",[],"['Ashwin Mushran', 'Sachin Viddrrohi', 'Abhijeet Chavan', 'Yug Italiya']","['Swastika Mukherjee', 'Monica Chaudhary', 'Flora Jacob']"
Ulajh,02:30:00,6.0,['Sudhanshu Saria'],"['Parveez Shaikh', 'Sudhanshu Saria', 'Atika Chohan']","['Crime', 'Drama', 'Thriller']",2024-08-02,['Hindi'],"['Junglee Pictures', 'Zeal Z Entertainment services']","['Gulshan Devaiah', 'Roshan Mathew', 'Meiyang Chang', 'Adil Hussain', 'Rajesh Tailang', 'Jitendra Joshi', 'Rajendra Gupta', 'Alyy Khan', 'Rushad Rana', 'Vivek Madaan', 'Rajiv Hubert', 'Himanshu Malik']","['Janhvi Kapoor', 'Sakshi Tanwar', 'Natasha Rastogi', 'Bhavna Singh', 'Swastika Chakraborty']"
Auron Mein Kahan DumTha,02:30:00,6.6,['Neeraj Pandey'],['Neeraj Pandey'],"['Action', 'Crime', 'Drama', 'Romance']",2024-08-02,['Hindi'],"['NH Studioz', 'Friday Filmworks']","['Ajay Devgn', 'Jimmy Shergill', 'Shantanu Maheshwari', 'Sayaji Shinde', 'Jay Upadhyay', 'Hardik Soni', 'Shahrukh Sadri', 'Jiten Lalwani', 'Meherzan Mazda', 'Kushal Shah', 'Velji Nakar', 'Vaibhav Sharma', 'Ahmed Khan', 'Gaurav Rai', 'Sagar Tugnait']","['Tabu', 'Prathibha Borde']"
Bardovi,02:30:00,7.8,['Karan Chavan'],['Karan Chavan'],['Drama'],2024-08-02,['Hindi'],['Satori Entertainment Corp.'],"['Rajendra Bhambhulkar', 'Chittaranjan Giri', 'Virat Madke', 'Lohar Ashish Prakash', 'Neel Sheth', 'Rukayya Shiledar']","['Shriya Athnikar', 'Chhaya Kadam', 'Gayatri Yamkar']"
Phir Aayi Hasseen Dillruba,02:12:00,5.8,['Jayprad Desai'],"['Kanika Dhillon', 'Anaya Mazumdar', 'Anuj Kumar Pandey']","['Crime', 'Drama', 'Mystery', 'Romance', 'Thriller']",2024-08-09,['Hindi'],"['Colour Yellow Productions', 'T Series', 'T-Series Films']","['Vikrant Massey', 'Sunny Kaushal', 'Aditya Srivastav', 'Gautam S. Gadaballi', 'Vivek Jha', 'Ambrish Saxena', 'Jimmy Shergill', 'Manwendra Tripathy']","['Taapsee Pannu', 'Trupti Khamkar']"
Ghudchadi,01:53:00,4.3,['Binoy Gandhi'],"['Deepak Kapur Bhardwaj', 'Binoy Gandhi']",['Family'],2024-08-09,['Hindi'],['T-Series Films'],"['Sanjay Dutt', 'Parth Samthaan', 'Aakkash Dabhade', 'Yogesh Garg', 'Naresh Gosain', 'Santosh Rai', 'Surendra Rajan', 'Prem Saxena', 'Neeraj Sood']","['Khushali Kumar', 'Riney Aryaa', 'Aruna Irani', 'Achint Kaur', 'Alika Nair', 'Navni Parihar', 'Anju Rajiv']"
Hocus Focus,01:25:00,7.9,['Paierry Dodeja'],['Paierry Dodeja'],"['Action', 'Crime', 'Thriller']",2024-08-09,['Hindi'],"['Altair Media', 'Soc Films', 'Soc Films']","['Satinder Singh Gahlot', 'Gurvesh Pandit', 'Jittu Naruka', 'Sandeep Yadav', 'Pranav Dodeja', 'Dileep Daz', 'Harsh Malhotra', 'Rahul Awasthi']",['Sona Bhandari']
Aliya Basu Gayab Hai,01:43:00,5.7,['Preeti Singh'],"['J Blakeson', 'Gibran Noorani']",['Drama'],2024-08-09,['Hindi'],['Rehab Pictures Private Limited'],"['Salim Diwan', 'Vinay Pathak']",['Raima Sen']
Stree 2,02:27:00,7.0,['Amar Kaushik'],"['Niren Bhatt', 'Krishna D.K.', 'Raj Nidimoru']","['Comedy', 'Horror']",2024-08-15,['Hindi'],"['Maddock Films', 'Jio Studios']","['Rajkummar Rao', 'Pankaj Tripathi', 'Abhishek Banerjee', 'Aparshakti Khurana', 'Atul Srivastava', 'Varun Dhawan', 'Akshay Kumar', 'Sunil Kumar', 'Basit Ali Basu', 'Drishant', 'Mustaqeem Shah Khan', 'Mushtaq Khan']","['Shraddha Kapoor', 'Tamannaah Bhatia', 'Anya Singh', 'Sunita Rajwar', 'Bhumi Rajgor', 'Shruti Pandey']"
Khel Khel Mein,02:15:00,6.5,['Mudassar Aziz'],['Mudassar Aziz'],"['Comedy', 'Drama']",2024-08-15,['Hindi'],"['KKM Film production', 'T-Series Films', 'Wakaoo Films']","['Akshay Kumar', 'Ammy Virk', 'Fardeen Khan', 'Aditya Seal', 'Patil Jitendra Abhijeet', 'Talat Aziz', 'Ashutosh Choubey', ""Andre D'Cruz"", 'Grswkk', 'Jamie Langlands']","['Taapsee Pannu', 'Vaani Kapoor', 'Pragya Jaiswal', 'Maahi Jain', 'Ishitta Arun', 'Swarna Bharat', 'Alka Badola Kaushal', 'Kiran Kumar']"
Vedaa,02:25:00,6.0,['Nikkhil Advani'],['Aseem Arrora'],"['Action', 'Drama', 'Thriller']",2024-08-15,['Hindi'],"['Emmay Entertainment', 'JA Entertainment', 'Zee Studios']","['John Abraham', 'Abhishek Banerjee', 'Ashish Vidyarthi', 'Kumud Mishra', 'Rajendra Chawla', 'Anurag Thakur', 'Parag Sharma', 'Danish Husain', 'Kapil Nirmal', 'Ajeet Singh', 'K.C. Shankar', 'Kshitij Chauhan', 'Akshay Sharma']","['Sharvari', 'Tamannaah Bhatia', 'Tanvi Malhara', 'Urvashi Dubey']"
Zorawar Di Jacqueline,02:27:00,5.4,['Dapinder Sandhu'],['Dapinder Sandhu'],"['Drama', 'Romance']",2024-08-20,['Hindi'],"['Deep Bhullar Films', 'Fitrat Film Studios', 'Nagaada Film Studio']","['Manish Goplani', 'Amritpal Singh Billa', 'Satwant Kaur', 'Romaish Romi Pandita', 'Akhil Arora', 'Amanish Singh Shinh', 'Pawan Dhiman', 'Ramandeep Gurdaspuria', 'Saurav Bakshi']","['Malvi Malhotra', 'Anita Meet', 'Riya Shukla', 'Simran Nathmalpuria', 'Amreen Kaur Shahpuri']"
Chanchal Haseena,01:38:00,6.9,['Shoib Nikash Shah'],"['Yash Goradia', 'Kalpana C. Khurana']",['Romance'],2024-08-22,['Hindi'],['Rahat Kazmi Film Studios'],"['Arfan Nazir', 'Mahikshit Singh']","['Shiny Dixit', 'Jinal Joshi', 'Shanaya Khanna']"
Tikdam,01:57:00,7.8,['Vivek Anchalia'],"['Pankaj Nihalani', 'Vivek Anchalia', 'Animesh Verma']",['Drama'],2024-08-23,['Hindi'],"['Skylark Productions', 'Jio Studios']","['Amit Sial', 'Sonam Arora', 'DN Bhatt', 'Nayan Bhatt', 'Jitendra Bisht', 'Ankush Deshmukh', 'Divyansh Dwivedi', 'Daood Hussain', 'Ajit Kelkar', 'Pawan Kumar', 'Madan Mehra', 'Aakash Negi']","['Kalyani Gangola', 'Yushira Khan', 'Aditi Khurana', 'Jeniffer Piccinato', 'Aarohi Saud']"
A Wedding Story,01:50:00,5.2,['Abhinav Pareek'],['Shubho Shekhar Bhattacharjee'],['Horror'],2024-08-30,['Hindi'],['Boundless Blackbuck Films'],"['Vaibhav Tatwawadi', 'Akshay Anand', 'Lakshvir Saran', 'Plom Khurana', 'Krishnakant Singh Bundela', 'Prateek Pachauri', 'Sanjay Kota', 'Saad Baba', 'Rupesh Chauhan']","['Monica Chaudhary', 'Urvi Upadhyay']"
The Diary of West Bengal,02:02:00,6.4,['Sanoj Mishra'],['Sanoj Mishra'],['Drama'],2024-08-30,['Hindi'],['Waseem Rizvi Films'],"['Yajur Marwah', 'Ramendra Chakarwarti', 'Gauri Shankar', 'Ashish Kumar', 'Ronav Verma', 'Mukesh Agrohari', 'Anil Anjunil', 'Anuj Dixit', 'Dev Fauzdar', 'Deepak Kamboj', 'Abhishek Mishra', 'Hariom Mishra', 'Ashish Rajput']","['Arshin Mehta', 'Reena Bhattacharya', 'Garima Kapoor', 'Neet Mahal']"
Visfot,02:10:00,5.7,['Kookie Gulati'],"['Abbas Dalal', 'Hussain Dalal']","['Crime', 'Thriller']",2024-09-06,['Hindi'],"['T-Series Films', 'White Feather Films', 'White Feather Films']","['Riteish Deshmukh', 'Fardeen Khan', 'Seema Biswas', 'Purnendu Bhattacharya', 'Arjun Aneja', 'Nachiket Purnapatre', 'Arham Khan', 'Prashant Singh', 'Krishna Bhatt']","['Sheeba Chaddha', 'Priya Bapat', 'Neha Pednekar']"
Sector 36,02:03:00,7.1,['Aditya Nimbalkar'],['Bodhayan Roychaudhury'],"['Crime', 'Thriller']",2024-09-13,['Hindi'],"['Jio Studios', 'Maddock Films']","['Vikrant Massey', 'Deepak Dobriyal', 'Akash Khurana', 'Darshan Jariwala', 'Mahadev Singh Lakhawat', 'Ajeet Singh', 'Kachoo Ahmad Khan', 'Baharul Islam', 'Arindol Bagchi', 'Varun Bhilatia', 'Hardeep Gupta']","['Ivana Kaur', 'Ipshita Chakraborty Singh', 'Geeta Sodhi']"
Adbhut,02:00:00,5.2,['Sabbir Khan'],['Sabbir Khan'],"['Drama', 'Thriller']",2024-09-15,['Hindi'],"['Sabbir Khan Films', 'Sony Pictures International Productions']","['Rohan Mehra', 'Krishna Sharma', 'Shashank Shende', 'Nawazuddin Siddiqui']","['Shreya Dhanwanthary', 'Himanshi Parashar', 'Diana Penty']"
Maaya Ka Moh,01:30:00,3.7,['Ankush Bhatt'],"['Niti Potdar', 'Akshat Sharma']","['Drama', 'Romance']",2024-09-19,['Hindi'],"['Shobhana Desai Production', 'Shobhana Desai Production']","['Mahesh Shetty', 'Pankit Thakker']","['Priya Banerjee', 'Sheetal Dabholkar']"
Yudhra,02:22:00,5.1,['Ravi Udyawar'],"['Farhan Akhtar', 'Akshat Ghildial', 'Shridhar Raghavan']","['Action', 'Drama', 'Thriller']",2024-09-20,['Hindi'],['Excel Entertainment'],"['Siddhant Chaturvedi', 'Sarthak Khurana', 'Gajraj Rao', 'Abhishek Bhalerao', 'Ram Kapoor', 'Raj Arjun', 'Martin Fernandez', 'Saurabh Gokhale', 'Joao Mario', 'Kabeer Bhartiya']","['Malavika Mohanan', 'Shilpa Shukla', 'Sharvari Deshpande', 'Dolly Verma', 'Anubha Arora', 'Sneha Balpande']"
Jo Tera Hai Woh Mera Hai,01:41:00,5.1,['Raj Trivedi'],"['Amit Pradhan', 'Aditya Rawal', 'Devang Tiwari']",['Comedy'],2024-09-20,['Hindi'],['Jar Pictures'],"['Paresh Rawal', 'Amit Sial', 'Sonali Kulkarni', 'Faisal Malik', 'Nitesh Pandey', 'Ravi Shankar Jaiswal', 'Jatin Sarin', 'Aashish Dubey', 'Priyank Tiwari', 'Satendra Soni', 'Harminder Singh']","['Sonali Kulkarni', 'Sonnalli Seygall', 'Bharti Achrekar', 'Sejal Gupta']"
Nasha Jurm Aur Gangsters,02:17:00,7.5,"['Rajkumar Patra', 'Rocky Rupkumar Patra']","['Rajkumar Patra', 'Rocky Rupkumar Patra', 'Yudhisthir']","['Action', 'Crime', 'Drama', 'Thriller']",2024-09-20,['Hindi'],"['Golden life acting modeling institute', ""Men's club Entertainment"", 'Patras Glam Entertainment']","['Rocky Rupkumar Patra', 'Rajkumar Patra', 'Yudhisthir', 'Feroz Khan', 'Abhijit Acharjee', 'Bidyut Mahapatra', 'Bhabendu Satpathi', 'Akshay Rudransh', 'Manoj Kumar Chadha', 'Abhishek Mandal', 'Biswajit Shukla']","['Mithu Dey', 'Manisha Dutta', 'Aparna Giri', 'Piklu', 'Rani']"
Bal Naren,01:38:00,6.6,['Pawan Nagpal'],"['Pawan Nagpal', 'Umang Beena Saxena']",['Drama'],2024-09-20,['Hindi'],['Soham Rockstar Entertainment'],"['Yagya Bhasin', 'Rajneesh Duggal', 'Harshul Loungiany', 'Govind Namdeo', 'Vindu Dara Singh']",['Bidita Bag']
Sitara,01:45:00,5.3,['Vandana Kataria'],"['Sonia Bahl', 'Abbas Dalal', 'Hussain Dalal']","['Drama', 'Family', 'Romance']",2024-09-27,"['Hindi', 'Malayalam']","['Absolute Productions', 'RSVP', 'RSVPMovies']","['Sonali Kulkarni', 'Rajeev Siddhartha', 'Sankar Induchoodan', 'Sanjay Bhutiani', 'Ashish Sawhny']","['Sobhita Dhulipala', 'Sonali Kulkarni', 'Seema Sawhney Sharma', 'B. Jayashree', 'Rijul Ray', 'Tamara Dsouza']"
Amar Prem Ki Prem Kahaani,01:57:00,4.4,['Hardik Gajjar'],['Rupinder Inderjit'],"['Romantic Comedy', 'Comedy', 'Romance']",2024-10-04,['Hindi'],"['Jio Studios', 'Jio Studios', 'Back Bencher Pictures']","['Sunny Singh', 'Aditya Seal', 'Pranutan Bahl', 'Sammy Jonas Heaney', 'Antarjeet Joshi', 'Ashish Kaushal', 'Chetan Mohture']","['Nikky Athan', 'Sonia Sodhi Kaushal', 'Jhumma Mitra', 'Diksha J Singh', 'Isha Sood']"
Colourrs of Love,02:01:00,6.3,['Divyesh Limbani'],['Divyesh Limbani'],['Drama'],2024-10-04,['Hindi'],[],"['Smaran Sahu', 'Pawan Chopra']","['Deepika Amin', 'Gurpreet Kkaur', 'Bhakti Kubavat']"
Jigra,02:33:00,6.1,['Vasan Bala'],"['Vasan Bala', 'Debashish Irengbam']","['Action', 'Drama', 'Thriller']",2024-10-11,['Hindi'],"['Dharma Productions', 'Eternal Sunshine Productions']","['Sikandar Kher', 'Vedang Raina', 'Vivek Gomber', 'Akashdeep Sabir', 'Rahul Ravindran', 'Manoj Pahwa', 'Aditya Nanda', 'Ankur Khanna', 'Jason Shah', 'Harssh Singh', 'Ishan Jack', 'Yuvraj Vijan', 'Ram Solanki', 'Simon Feilder']","['Alia Bhatt', 'Sheeba Agarwal']"
Vicky Vidya Ka Woh Wala Video,02:32:00,5.2,['Raaj Shaandilyaa'],"['Rajan Agarwal', 'Ishrat R. Khan', 'Yusuf ali Khan']","['Raunchy Comedy', 'Slapstick', 'Comedy']",2024-10-11,['Hindi'],"['Balaji Telefilms', 'T-Series Films', 'Thinkink Picturez']","['Rajkummar Rao', 'Vijay Raaz', 'Rakesh Bedi', 'Tiku Talsania', 'Mukesh Tiwari', 'Ray Aksh', 'Daljit Arora', 'Shakti Singh Chouhan', 'Jitender', 'Jaswant Singh Rathore', 'Saharsh']","['Triptii Dimri', 'Mallika Sherawat', 'Ashwini Kalsekar', 'Shakti Singh Chouhan', 'Shehnaaz Gill']"
Naag Bhoomi,02:10:00,5.6,['Deva Saca'],[],"['Action', 'Fantasy']",2024-10-17,['Hindi'],[],"['Yogi Babu', 'Karunakaran', 'Srikanth']","['Aishwarya Dutta', 'Bindhu Madhavi', 'Aadya Prasad', 'Raiza Wilson']"
Aayushmati Geeta Matric Pass,02:17:00,8.0,['Pradip Khairwar'],"['Kabir Keval', 'Pradip Khairwar', 'Navnitesh Singh']",['Drama'],2024-10-18,['Hindi'],"['Altair Media', 'Good Idea Films', 'Spunk Productions']","['Anuj Saini', 'Atul Srivastava', 'Pranay Dixit', 'Yash Agrawal', 'Saandeep Bhojaak', 'Mahendra Kumarr', 'Swapnil Raut']","['Kashika Kapoor', 'Alka Amin', 'Zoie Aggarwal Ahmed', 'Muskan Jain', 'Priyanka Malviya']"
Despatch,02:33:00,4.4,['Kanu Behl'],"['Ishani Banerjee', 'Kanu Behl']","['Drama', 'Thriller']",2024-12-13,['Hindi'],"['Clockwork Film', 'RSVP', 'Skywalk Films']","['Manoj Bajpayee', 'Rituparna Sen', 'Anand Alkunte', 'Arun Behl', 'Abhishek Bhalerao', 'Purnendu Bhattacharya', 'Ajoy Chakraborty', 'Chhabria Chiranjeet', 'Sainath Ganuwad', 'Nitin Goel', 'Ashok Kelkar', 'Haresh Khatri', 'Harish Khatri', 'Rajneesh Khullar']","['Shahana Goswami', 'Arrchita Agarwaal', 'Riju Bajaj', 'Mishka Gambhir']"
Phool Ka Chand,01:21:00,7.9,[],[],['Biography'],2024-10-20,"['Hindi', 'Marathi']",[],[],[]
Do Patr Aur Ek Adhoori Si Mulaaqaat,01:34:00,7.6,['Ishan Saran Agarwal'],['Ishan Saran Agarwal'],['Drama'],2024-10-20,['Hindi'],[],"['Saksham Bambha', 'Mudit Gupta', 'Shubham Singh']","['Aastha Anand', 'Arya Gautam', 'Prathana Kachroo']"
Taak,00:39:00,7.6,['Udit Khurana'],['Udit Khurana'],['Drama'],2024-10-22,['Hindi'],['Storiculture'],[],['Ambika Kamal']
Forbidden Love,01:36:00,7.2,['Ajay V.'],['Amitava Mitra'],['Romance'],2024-10-24,['Hindi'],['Notty'],['Manish Goplani'],"['Reeva Chaudhary', 'Neha Khatri', 'Naaz Shaikh', 'Kanchi Singh']"
Do Patti,02:06:00,6.5,['Shashanka Chaturvedi'],['Kanika Dhillon'],"['Crime', 'Drama', 'Mystery', 'Thriller']",2024-10-25,['Hindi'],"['Blue Butterfly Films', 'Katha pictures', 'Vipin Priyanka Production']","['Shaheer Sheikh', 'Brijendra Kala', 'Vivek Mushran', 'Chittaranjan Tripathy', 'Manoj Bakshi', 'Mohit Chauhan', 'Darius Chinoy', 'Danish Kalra', 'Vidushi Manaduli']","['Kajol', 'Kriti Sanon', 'Tanvi Azmi', 'Prachee Shah', 'Shikha Dhyani', 'Zeba Hussain', 'Sohaila Kapur']"
The Miranda Brothers,01:39:00,4.3,['Sanjay Gupta'],"['Sameer Hafiz', 'Milap Zaveri']","['Action', 'Drama', 'Sport', 'Thriller']",2024-10-25,['Hindi'],['White Feather Films'],"['Nikhil Chinappa', 'Rahul Dev', 'Naved Jaffrey', 'Rahul Mohite', 'Harshvardhan Rane', 'Sanjay Suri']","['Sahher Bambba', 'Meezaan Jafri', 'Jeniffer Piccinato', 'Manasi Joshi Roy']"
Tariq,02:02:00,6.9,['Arun Gopalan'],"['Simaab Hashmi', 'Lalit Marathe', 'Ritesh Shah']","['Action', 'Drama', 'Thriller']",2024-10-29,['Hindi'],"['Bake My Cake Films', 'JA Entertainment']","['John Abraham', 'Sujith Shanker', 'Bajrangbali Singh', 'Arjun Jethwa']","['Rukmini Maitra', 'Gajala']"
Motu Patlu & The Rise of Zombies,01:14:00,6.5,['Dheeraj Berry'],['Dheeraj Berry'],['Animation'],2024-10-31,['Hindi'],[],['Sourav Chakraborty'],[]
Bhool Bhulaiyaa 3,02:38:00,4.8,['Anees Bazmee'],['Aakash Kaushik'],"['Supernatural Horror', 'Comedy', 'Horror']",2024-11-01,['Hindi'],"['Super Cassettes Industries Limited (T-Series)', 'T-Series']","['Kartik Aaryan', 'Vijay Raaz', 'Rajpal Naurang Yadav', 'Sanjay Mishra', 'Rajesh Sharma', 'Manish Wadhwa', 'Arun Kushwah', 'Saurabh Dubey', 'Aashish Dubey', 'Shataf Figar']","['Vidya Balan', 'Madhuri Dixit', 'Triptii Dimri', 'Ashwini Kalsekar', 'Prantika Das', 'Rose Sardana', 'Kanchan Mullick']"
Singham Again,02:24:00,5.0,['Rohit Shetty'],"['Vidhi Ghodgaonkar', 'Abhijeet Khuman', 'Anusha Nandakumar']","['Action', 'Drama']",2024-11-01,['Hindi'],"['Jio Studios', 'Ajay Devgn Ffilms', 'Bollygrad Productions']","['Salman Khan', 'Akshay Kumar', 'Ajay Devgn', 'Ranveer Singh', 'Tiger Shroff', 'Jackie Shroff', 'Arjun Kapoor', 'Ravi Kishan', 'Dayanand Shetty', 'Viren Vazirani']","['Deepika Padukone', 'Kareena Kapoor', 'Shweta Tiwari', 'Farhana Bhat', 'Sara Khan', 'Saloni Mishra', 'Bhagya Nair']"
Vijay 69,01:52:00,6.1,['Akshay Roy'],"['Akshay Roy', 'Abbas Tyrewala']","['Comedy', 'Drama', 'Sport']",2024-11-08,['Hindi'],"['YRF Entertainment', 'Yash Raj Films']","['Anupam Kher', 'Chunky Pandey', 'Mihir Ahuja', 'Paritosh Sand', 'Vrajesh Hirjee', 'Saanand Verma', 'Pawan Chopra', 'Narendra Jetley', 'Namit', 'Anirban Bhattacharyya']","['Ekavali Khanna', 'Adrija Sinha', 'Sulagna Panigrahi', 'Ketika Sharma', 'Guddi Maruti']"
Khwaabon Ka Jhamela,01:53:00,6.1,['Danish Aslam'],"['Danish Aslam', 'Vicky Bahri', 'Harman Baweja']","['Drama', 'Romance']",2024-11-08,['Hindi'],"['Baweja Studios', 'Indo-UK Film Company', 'Oddball Motion Pictures']","['Prateik Patil Babbar', 'Danish Husain', 'Freddie Love', 'Farhan Baqi', 'Kishore Bhatt', 'Anil Christie', 'Kaizaad Kotwal', 'Ravi Multani']","['Kubbra Sait', 'Lilette Dubey', 'Cindy Bamrah', 'Anisa Butt', 'Babita Christie', 'Amber Elizabeth', 'Richa Prakash']"
The Sabarmati Report,02:07:00,6.6,['Dheeraj Sarna'],"['Arjun Bhandegaonkar', 'Avinash Singh Tomar']","['Crime', 'Drama', 'Thriller']",2024-11-15,['Hindi'],"['Moral of the Story', 'Balaji Motion Pictures', 'Balaji Motion Pictures']","['Vikrant Massey', 'Rohit Ameriya', 'Aryan Ardent', 'Al Arjun', 'Diwakar Dhyani', 'Vivek Ghamande', 'Badrul Islam', 'Milind Joshi', 'Prince Kashyap', 'Laxman Khunti', 'Sandeep Kumar', 'Vikas Mahante']","['Raashi Khanna', 'Ridhi Dogra', 'Kalpana Gagdekar', 'Urvashi Golter', 'Simran Khanna', 'Rahi Mamtora']"
I Want to Talk,02:02:00,7.1,['Shoojit Sircar'],['Ritesh Shah'],['Drama'],2024-11-22,['Hindi'],"['Kino Works', 'Rising Sun Films']","['Abhishek Bachchan', 'Tom McLaren', 'Kristin Goddard', 'Joe Russell', 'Mike Sears', 'Charles Karafotas', 'Jayant Kripalani', 'Billy Minshall', 'David Moskowitz', 'Robert Ramirez', 'Ian Schuelke']","['Ahilya Bamroo', 'Janet Carter', 'Caprice Ott', 'Eliza Kim', 'Kathy Blaze Jefferson', 'Indeepa Singh']"
Naam,02:16:00,6.7,['Anees Bazmee'],"['Anees Bazmee', 'Humayun Mirza']","['Action', 'Drama', 'Mystery', 'Thriller']",2024-11-22,['Hindi'],"['Eros Now Music', 'Roongta Entertainment', 'Shemaroo Entertainment']","['Ajay Devgn', 'Rahul Dev', 'Sharat Saxena', 'Raqesh Bapat', 'Andy Biersack', 'Sanjay Dutt', 'Sohail Khan', 'Amit Misra', 'Mukesh Tiwari', 'Aryan Vaid']","['Sameera Reddy', 'Bhoomika Chawla', 'Shriya Sharma', 'Vidya Malvade', 'Yukta Mookhey', 'Richa Pallod', 'Lisa Ray', 'Mink Singh']"
Sikandar Ka Muqaddar,02:22:00,6.0,['Neeraj Pandey'],"['Neeraj Pandey', 'Vipul K. Rawal']","['Heist', 'Action', 'Crime', 'Drama', 'Mystery', 'Thriller']",2024-11-29,['Hindi'],"['Friday Filmworks', 'Friday Storytellers']","['Jimmy Shergill', 'Avinash Tiwary', 'Rajeev Mehta', 'Santanu Ghatak', 'Praful Joshi', 'Vikrant Kolape', 'Ashrut Jain', 'Khurshed Lawyer', 'Ravi Kothari', 'Anil Pandey', 'Arpit Mishra']","['Tamannaah Bhatia', 'Divya Dutta', 'Ridhima Pandit', 'Zoya Afroz', 'Komal Somare', 'Aparna Upadhyay']"
Irani Chai,02:00:00,8.0,['Manoj Srivastava'],['Manoj Srivastava'],"['Drama', 'Thriller']",2024-12-14,['Hindi'],[],"['Govind Namdeo', 'Zakir Hussain', 'Zeishan Quadri', 'Aditya Lakhia', 'Anang Desai', 'Ananth Mahadevan', 'Ajeet Kumar', 'Akhilendra Mishra', 'Ezzatollah Ramazanifar']","['Mozhgan Taraneh', 'Farkhondeh Farmanizadeh']"
Agni,02:02:00,7.4,['Rahul Dholakia'],"['Rahul Dholakia', 'Vijay Maurya']","['Action', 'Drama']",2024-12-06,['Hindi'],['Excel Entertainment'],"['Pratik Gandhi', 'Divyendu Sharma', 'Jitendra Joshi', 'Udit Arora', 'Kabir Shah', 'Hitesh Chauhan', 'Nitin Dhongade', 'Sajan Kumar', 'Rohit Petkar', 'Hitesh Dave', 'Sushant Shetty', 'Pradeep Jangid', 'Pramod Pathak', 'Kundan Roy', 'Vijay Sanap']","['Sai Tamhankar', 'Saiyami Kher']"
Benaam Rishta,01:30:00,6.4,['Sanjay Verma'],['Giselle Galbao'],['Romance'],2024-12-11,['Hindi'],['Canopy'],"['Suraj Pratap Singh', 'Suraj Sonik']",['Rose Khan']
Vanvaas,02:40:00,6.7,['Anil Sharma'],"['Amjad Ali', 'Anil Sharma', 'Sunil Sirvaiya']","['Action', 'Drama']",2024-12-20,['Hindi'],"['Anil Sharma Productions', 'Zee Studios']","['Nana Patekar', 'Rajpal Naurang Yadav', 'Kettan Singh', 'Hemant Kher', 'Paritosh Tripathi', 'Prashant Bajaj', 'Tejas Raut', 'Hanish Lamba']","['Ashwini Kalsekar', 'Shruti Marathe', 'Simratt Kaur Randhawa', 'Khushbu Sundar', 'Snehil Dixit Mehra', 'Bhakti Rathod', 'Rumi Khan']"
Yo Yo Honey Singh: Famous,01:20:00,6.9,['Mozez Singh'],[],"['Documentary', 'Drama']",2024-12-20,['Hindi'],['Sikhya Entertainment'],"['Shah Rukh Khan', 'Salman Khan', 'Yo Yo Honey Singh', 'Millind Gaba', 'Jazzy B']",['Jazzy B']
Baby John,02:39:00,6.4,['Kalees'],"['Sumit Arora', 'Kalees']","['Action', 'Drama', 'Thriller']",2024-12-25,['Hindi'],"['A for Apple Productions', 'Cine1 Studios', 'Jio Studios']","['Salman Khan', 'Varun Dhawan', 'Jackie Shroff', 'Rituraj Singh', 'Rajpal Naurang Yadav', 'Benedict Garrett', 'Manikandan K.', 'Sonalli Sharmisstha', 'Jaffer Sadiq', 'Armaan Khera', 'Mushtaq Khan', 'Prakash Belawadi']","['Wamiqa Gabbi', 'Keerthy Suresh', 'Sanya Malhotra', 'Sheeba Chaddha', 'Zara Zyanna', 'Sonalli Sharmisstha', 'Mona Ambegaonkar']"
Kisko Tha Pata,02:15:00,7.5,['Ratnaa Sinha'],[],"['Drama', 'Romance']",2024-12-25,['Hindi'],['Trizent Mediaworks'],"['Aadil Khan', 'Akshay Oberoi']",['Ashnoor Kaur']
